allow_double_logging,completed_date,consistency_score,consistency_weight,current_streak,current_value,health_score,longest_streak,maximum_session_period,minimum_session_daily,minimum_session_period,misses_allowed_per_period,momentum_score,momentum_weight,period_end,period_start,progress_percentage,progress_score,progress_weight,created_at,id,last_updated_at,goal_id,health_status,metric,schedule_spec,target_operator,uuid,target_value
False,,66.67,45,0,120.0,72.5,0,240,90.0,180,1,100.0,30,2026-04-05,2026-04-01,50.0,50.0,25,2026-04-01 05:00:00.000000,40110,2026-04-05 22:00:00.000000,35db5859-e282-4de2-add9-c7485fd2c604,ON_TRACK,DURATION,"{""version"":2,""scheduleType"":""WEEKLY"",""timezone"":""Asia/Calcutta"",""weekStartsOn"":""MONDAY"",""weekOfMonthModel"":""DAY_BUCKETS"",""requirements"":{""minCheckins"":3,""maxCheckins"":4},""rules"":[{""scope"":""DAY_OF_WEEK"",""values"":[""MONDAY"",""WEDNESDAY"",""FRIDAY""],""mode"":""STRICT""}],""exclusions"":[]}",GREATER_THAN,0351fd81-7162-4e33-8c38-b9be9dbca12b,2160.0
False,,66.67,45,0,120.0,72.5,0,240,60.0,180,1,100.0,30,2026-04-12,2026-04-06,50.0,50.0,25,2026-04-06 05:00:00.000000,40111,2026-04-12 22:00:00.000000,35db5859-e282-4de2-add9-c7485fd2c604,ON_TRACK,DURATION,"{""version"":2,""scheduleType"":""WEEKLY"",""timezone"":""Asia/Calcutta"",""weekStartsOn"":""MONDAY"",""weekOfMonthModel"":""DAY_BUCKETS"",""requirements"":{""minCheckins"":3,""maxCheckins"":4},""rules"":[{""scope"":""DAY_OF_WEEK"",""values"":[""MONDAY"",""WEDNESDAY"",""FRIDAY""],""mode"":""STRICT""}],""exclusions"":[]}",GREATER_THAN,1ea56a63-11d1-4eeb-8c7e-7dfb9caaf652,2160.0
False,,100.0,45,1,180.0,93.75,1,240,60.0,180,1,100.0,30,2026-04-19,2026-04-13,75.0,75.0,25,2026-04-13 05:00:00.000000,40112,2026-04-19 22:00:00.000000,35db5859-e282-4de2-add9-c7485fd2c604,THRIVING,DURATION,"{""version"":2,""scheduleType"":""WEEKLY"",""timezone"":""Asia/Calcutta"",""weekStartsOn"":""MONDAY"",""weekOfMonthModel"":""DAY_BUCKETS"",""requirements"":{""minCheckins"":3,""maxCheckins"":4},""rules"":[{""scope"":""DAY_OF_WEEK"",""values"":[""MONDAY"",""WEDNESDAY"",""FRIDAY""],""mode"":""STRICT""}],""exclusions"":[]}",GREATER_THAN,d5c4d46a-f524-42d6-8a21-1317be26ec71,2160.0
False,,100.0,45,2,180.0,93.75,2,240,60.0,180,1,100.0,30,2026-04-26,2026-04-20,75.0,75.0,25,2026-04-20 05:00:00.000000,40113,2026-04-26 22:00:00.000000,35db5859-e282-4de2-add9-c7485fd2c604,THRIVING,DURATION,"{""version"":2,""scheduleType"":""WEEKLY"",""timezone"":""Asia/Calcutta"",""weekStartsOn"":""MONDAY"",""weekOfMonthModel"":""DAY_BUCKETS"",""requirements"":{""minCheckins"":3,""maxCheckins"":4},""rules"":[{""scope"":""DAY_OF_WEEK"",""values"":[""MONDAY"",""WEDNESDAY"",""FRIDAY""],""mode"":""STRICT""}],""exclusions"":[]}",GREATER_THAN,f4f9e088-3b75-4f2c-8608-2b122edfdeb7,2160.0
False,,100.0,45,3,180.0,93.75,3,240,60.0,180,1,100.0,30,2026-05-03,2026-04-27,75.0,75.0,25,2026-04-27 05:00:00.000000,40114,2026-05-03 22:00:00.000000,35db5859-e282-4de2-add9-c7485fd2c604,THRIVING,DURATION,"{""version"":2,""scheduleType"":""WEEKLY"",""timezone"":""Asia/Calcutta"",""weekStartsOn"":""MONDAY"",""weekOfMonthModel"":""DAY_BUCKETS"",""requirements"":{""minCheckins"":3,""maxCheckins"":4},""rules"":[{""scope"":""DAY_OF_WEEK"",""values"":[""MONDAY"",""WEDNESDAY"",""FRIDAY""],""mode"":""STRICT""}],""exclusions"":[]}",GREATER_THAN,8aa336e0-b4c2-48ec-99e2-72cc7d622709,2160.0
False,,100.0,45,4,180.0,93.75,4,240,60.0,180,1,100.0,30,2026-05-10,2026-05-04,75.0,75.0,25,2026-05-04 05:00:00.000000,40115,2026-05-10 22:00:00.000000,35db5859-e282-4de2-add9-c7485fd2c604,THRIVING,DURATION,"{""version"":2,""scheduleType"":""WEEKLY"",""timezone"":""Asia/Calcutta"",""weekStartsOn"":""MONDAY"",""weekOfMonthModel"":""DAY_BUCKETS"",""requirements"":{""minCheckins"":3,""maxCheckins"":4},""rules"":[{""scope"":""DAY_OF_WEEK"",""values"":[""MONDAY"",""WEDNESDAY"",""FRIDAY""],""mode"":""STRICT""}],""exclusions"":[]}",GREATER_THAN,210d4a51-22cd-4546-8bd6-ccbbd1303e7e,2160.0
False,,100.0,45,5,180.0,93.75,5,240,60.0,180,1,100.0,30,2026-05-17,2026-05-11,75.0,75.0,25,2026-05-11 05:00:00.000000,40116,2026-05-17 22:00:00.000000,35db5859-e282-4de2-add9-c7485fd2c604,THRIVING,DURATION,"{""version"":2,""scheduleType"":""WEEKLY"",""timezone"":""Asia/Calcutta"",""weekStartsOn"":""MONDAY"",""weekOfMonthModel"":""DAY_BUCKETS"",""requirements"":{""minCheckins"":3,""maxCheckins"":4},""rules"":[{""scope"":""DAY_OF_WEEK"",""values"":[""MONDAY"",""WEDNESDAY"",""FRIDAY""],""mode"":""STRICT""}],""exclusions"":[]}",GREATER_THAN,7214b635-6f21-48d5-b7c1-dd54768d1542,2160.0
False,,66.67,45,5,120.0,62.5,5,240,60.0,180,1,66.67,30,2026-05-24,2026-05-18,50.0,50.0,25,2026-05-18 05:00:00.000000,40117,2026-05-24 22:00:00.000000,35db5859-e282-4de2-add9-c7485fd2c604,ON_TRACK,DURATION,"{""version"":2,""scheduleType"":""WEEKLY"",""timezone"":""Asia/Calcutta"",""weekStartsOn"":""MONDAY"",""weekOfMonthModel"":""DAY_BUCKETS"",""requirements"":{""minCheckins"":3,""maxCheckins"":4},""rules"":[{""scope"":""DAY_OF_WEEK"",""values"":[""MONDAY"",""WEDNESDAY"",""FRIDAY""],""mode"":""STRICT""}],""exclusions"":[]}",GREATER_THAN,98bb73f7-0d9d-49e2-aef2-501ac4fa13fd,2160.0
False,,100.0,45,6,180.0,93.75,6,240,60.0,180,1,100.0,30,2026-05-31,2026-05-25,75.0,75.0,25,2026-05-25 05:00:00.000000,40118,2026-05-31 22:00:00.000000,35db5859-e282-4de2-add9-c7485fd2c604,THRIVING,DURATION,"{""version"":2,""scheduleType"":""WEEKLY"",""timezone"":""Asia/Calcutta"",""weekStartsOn"":""MONDAY"",""weekOfMonthModel"":""DAY_BUCKETS"",""requirements"":{""minCheckins"":3,""maxCheckins"":4},""rules"":[{""scope"":""DAY_OF_WEEK"",""values"":[""MONDAY"",""WEDNESDAY"",""FRIDAY""],""mode"":""STRICT""}],""exclusions"":[]}",GREATER_THAN,6374e857-a060-4871-a634-602d870ceb01,2160.0
False,,100.0,45,7,180.0,93.75,7,240,60.0,180,1,100.0,30,2026-06-07,2026-06-01,75.0,75.0,25,2026-06-01 05:00:00.000000,40119,2026-06-07 22:00:00.000000,35db5859-e282-4de2-add9-c7485fd2c604,THRIVING,DURATION,"{""version"":2,""scheduleType"":""WEEKLY"",""timezone"":""Asia/Calcutta"",""weekStartsOn"":""MONDAY"",""weekOfMonthModel"":""DAY_BUCKETS"",""requirements"":{""minCheckins"":3,""maxCheckins"":4},""rules"":[{""scope"":""DAY_OF_WEEK"",""values"":[""MONDAY"",""WEDNESDAY"",""FRIDAY""],""mode"":""STRICT""}],""exclusions"":[]}",GREATER_THAN,abb7094c-092c-4cf0-8748-fd308ddb692c,2160.0
False,,66.67,45,0,120.0,62.5,7,240,60.0,180,1,66.67,30,2026-06-14,2026-06-08,50.0,50.0,25,2026-06-08 05:00:00.000000,40120,2026-06-14 22:00:00.000000,35db5859-e282-4de2-add9-c7485fd2c604,ON_TRACK,DURATION,"{""version"":2,""scheduleType"":""WEEKLY"",""timezone"":""Asia/Calcutta"",""weekStartsOn"":""MONDAY"",""weekOfMonthModel"":""DAY_BUCKETS"",""requirements"":{""minCheckins"":3,""maxCheckins"":4},""rules"":[{""scope"":""DAY_OF_WEEK"",""values"":[""MONDAY"",""WEDNESDAY"",""FRIDAY""],""mode"":""STRICT""}],""exclusions"":[]}",GREATER_THAN,7fe0db12-9e91-4e1e-bdf0-04be679ff3e9,2160.0
False,,100.0,45,1,180.0,93.75,7,240,60.0,180,1,100.0,30,2026-06-21,2026-06-15,75.0,75.0,25,2026-06-15 05:00:00.000000,40121,2026-06-21 22:00:00.000000,35db5859-e282-4de2-add9-c7485fd2c604,THRIVING,DURATION,"{""version"":2,""scheduleType"":""WEEKLY"",""timezone"":""Asia/Calcutta"",""weekStartsOn"":""MONDAY"",""weekOfMonthModel"":""DAY_BUCKETS"",""requirements"":{""minCheckins"":3,""maxCheckins"":4},""rules"":[{""scope"":""DAY_OF_WEEK"",""values"":[""MONDAY"",""WEDNESDAY"",""FRIDAY""],""mode"":""STRICT""}],""exclusions"":[]}",GREATER_THAN,e8404792-685a-46ca-b984-da93c9fd99a9,2160.0
False,,100.0,45,2,180.0,93.75,7,240,60.0,180,1,100.0,30,2026-06-28,2026-06-22,75.0,75.0,25,2026-06-22 05:00:00.000000,40122,2026-06-28 22:00:00.000000,35db5859-e282-4de2-add9-c7485fd2c604,THRIVING,DURATION,"{""version"":2,""scheduleType"":""WEEKLY"",""timezone"":""Asia/Calcutta"",""weekStartsOn"":""MONDAY"",""weekOfMonthModel"":""DAY_BUCKETS"",""requirements"":{""minCheckins"":3,""maxCheckins"":4},""rules"":[{""scope"":""DAY_OF_WEEK"",""values"":[""MONDAY"",""WEDNESDAY"",""FRIDAY""],""mode"":""STRICT""}],""exclusions"":[]}",GREATER_THAN,ddaea2d0-1c6f-4a0a-a112-ebaf363d9d75,2160.0
False,,33.33,45,2,60.0,31.25,7,240,180.0,180,1,33.33,30,2026-06-30,2026-06-29,25.0,25.0,25,2026-06-29 05:00:00.000000,40123,2026-06-30 22:00:00.000000,35db5859-e282-4de2-add9-c7485fd2c604,CRITICAL,DURATION,"{""version"":2,""scheduleType"":""WEEKLY"",""timezone"":""Asia/Calcutta"",""weekStartsOn"":""MONDAY"",""weekOfMonthModel"":""DAY_BUCKETS"",""requirements"":{""minCheckins"":3,""maxCheckins"":4},""rules"":[{""scope"":""DAY_OF_WEEK"",""values"":[""MONDAY"",""WEDNESDAY"",""FRIDAY""],""mode"":""STRICT""}],""exclusions"":[]}",GREATER_THAN,ce91f2be-6232-4e79-ae94-a7a5d9e19c52,2160.0
True,,100.0,35,1,210.0,91.11,1,270,90.0,180,1,100.0,25,2026-04-05,2026-04-01,77.78,77.78,40,2026-04-01 05:00:00.000000,40092,2026-04-05 22:00:00.000000,52f027c0-14d5-45e3-9fc2-05ea3bf5739a,THRIVING,DURATION,"{""version"":2,""scheduleType"":""WEEKLY"",""timezone"":""Asia/Calcutta"",""weekStartsOn"":""MONDAY"",""weekOfMonthModel"":""DAY_BUCKETS"",""requirements"":{""minCheckins"":3,""maxCheckins"":4},""rules"":[{""scope"":""DAY_OF_WEEK"",""values"":[""TUESDAY"",""THURSDAY"",""SATURDAY""],""mode"":""STRICT""}],""exclusions"":[]}",GREATER_THAN,1af37799-d5ed-46a2-a255-e0a0f140c557,2400.0
True,,100.0,35,2,300.0,100.0,2,270,60.0,180,1,100.0,25,2026-04-12,2026-04-06,100.0,100.0,40,2026-04-06 05:00:00.000000,40093,2026-04-12 22:00:00.000000,52f027c0-14d5-45e3-9fc2-05ea3bf5739a,THRIVING,DURATION,"{""version"":2,""scheduleType"":""WEEKLY"",""timezone"":""Asia/Calcutta"",""weekStartsOn"":""MONDAY"",""weekOfMonthModel"":""DAY_BUCKETS"",""requirements"":{""minCheckins"":3,""maxCheckins"":4},""rules"":[{""scope"":""DAY_OF_WEEK"",""values"":[""TUESDAY"",""THURSDAY"",""SATURDAY""],""mode"":""STRICT""}],""exclusions"":[]}",GREATER_THAN,000af8b2-10f3-40b5-8189-48e2cf02f2b3,2400.0
True,,66.67,35,2,180.0,67.65,2,270,60.0,180,1,70.59,25,2026-04-19,2026-04-13,66.67,66.67,40,2026-04-13 05:00:00.000000,40094,2026-04-19 22:00:00.000000,52f027c0-14d5-45e3-9fc2-05ea3bf5739a,ON_TRACK,DURATION,"{""version"":2,""scheduleType"":""WEEKLY"",""timezone"":""Asia/Calcutta"",""weekStartsOn"":""MONDAY"",""weekOfMonthModel"":""DAY_BUCKETS"",""requirements"":{""minCheckins"":3,""maxCheckins"":4},""rules"":[{""scope"":""DAY_OF_WEEK"",""values"":[""TUESDAY"",""THURSDAY"",""SATURDAY""],""mode"":""STRICT""}],""exclusions"":[]}",GREATER_THAN,4c6f61a9-8869-4e08-8cc8-fd3486395559,2400.0
True,,100.0,35,3,300.0,100.0,3,270,60.0,180,1,100.0,25,2026-04-26,2026-04-20,100.0,100.0,40,2026-04-20 05:00:00.000000,40095,2026-04-26 22:00:00.000000,52f027c0-14d5-45e3-9fc2-05ea3bf5739a,THRIVING,DURATION,"{""version"":2,""scheduleType"":""WEEKLY"",""timezone"":""Asia/Calcutta"",""weekStartsOn"":""MONDAY"",""weekOfMonthModel"":""DAY_BUCKETS"",""requirements"":{""minCheckins"":3,""maxCheckins"":4},""rules"":[{""scope"":""DAY_OF_WEEK"",""values"":[""TUESDAY"",""THURSDAY"",""SATURDAY""],""mode"":""STRICT""}],""exclusions"":[]}",GREATER_THAN,3373383f-db12-429f-9a18-764b67a22dd4,2400.0
True,,100.0,35,4,300.0,100.0,4,270,60.0,180,1,100.0,25,2026-05-03,2026-04-27,100.0,100.0,40,2026-04-27 05:00:00.000000,40096,2026-05-03 22:00:00.000000,52f027c0-14d5-45e3-9fc2-05ea3bf5739a,THRIVING,DURATION,"{""version"":2,""scheduleType"":""WEEKLY"",""timezone"":""Asia/Calcutta"",""weekStartsOn"":""MONDAY"",""weekOfMonthModel"":""DAY_BUCKETS"",""requirements"":{""minCheckins"":3,""maxCheckins"":4},""rules"":[{""scope"":""DAY_OF_WEEK"",""values"":[""TUESDAY"",""THURSDAY"",""SATURDAY""],""mode"":""STRICT""}],""exclusions"":[]}",GREATER_THAN,2a89b233-78cd-465c-994b-f5cbd5f022e4,2400.0
True,,100.0,35,5,300.0,100.0,5,270,60.0,180,1,100.0,25,2026-05-10,2026-05-04,100.0,100.0,40,2026-05-04 05:00:00.000000,40097,2026-05-10 22:00:00.000000,52f027c0-14d5-45e3-9fc2-05ea3bf5739a,THRIVING,DURATION,"{""version"":2,""scheduleType"":""WEEKLY"",""timezone"":""Asia/Calcutta"",""weekStartsOn"":""MONDAY"",""weekOfMonthModel"":""DAY_BUCKETS"",""requirements"":{""minCheckins"":3,""maxCheckins"":4},""rules"":[{""scope"":""DAY_OF_WEEK"",""values"":[""TUESDAY"",""THURSDAY"",""SATURDAY""],""mode"":""STRICT""}],""exclusions"":[]}",GREATER_THAN,caa224d6-d50a-488d-b31d-4a47e7625309,2400.0
True,,66.67,35,0,180.0,66.67,5,270,60.0,180,1,66.67,25,2026-05-17,2026-05-11,66.67,66.67,40,2026-05-11 05:00:00.000000,40098,2026-05-17 22:00:00.000000,52f027c0-14d5-45e3-9fc2-05ea3bf5739a,ON_TRACK,DURATION,"{""version"":2,""scheduleType"":""WEEKLY"",""timezone"":""Asia/Calcutta"",""weekStartsOn"":""MONDAY"",""weekOfMonthModel"":""DAY_BUCKETS"",""requirements"":{""minCheckins"":3,""maxCheckins"":4},""rules"":[{""scope"":""DAY_OF_WEEK"",""values"":[""TUESDAY"",""THURSDAY"",""SATURDAY""],""mode"":""STRICT""}],""exclusions"":[]}",GREATER_THAN,77139c6b-7633-4e40-856e-51ac16942d71,2400.0
True,,100.0,35,1,300.0,100.0,5,270,60.0,180,1,100.0,25,2026-05-24,2026-05-18,100.0,100.0,40,2026-05-18 05:00:00.000000,40099,2026-05-24 22:00:00.000000,52f027c0-14d5-45e3-9fc2-05ea3bf5739a,THRIVING,DURATION,"{""version"":2,""scheduleType"":""WEEKLY"",""timezone"":""Asia/Calcutta"",""weekStartsOn"":""MONDAY"",""weekOfMonthModel"":""DAY_BUCKETS"",""requirements"":{""minCheckins"":3,""maxCheckins"":4},""rules"":[{""scope"":""DAY_OF_WEEK"",""values"":[""TUESDAY"",""THURSDAY"",""SATURDAY""],""mode"":""STRICT""}],""exclusions"":[]}",GREATER_THAN,4ff3d7de-4d36-4aaa-b9f1-1e89e4c40ec5,2400.0
True,,100.0,35,2,300.0,100.0,5,270,60.0,180,1,100.0,25,2026-05-31,2026-05-25,100.0,100.0,40,2026-05-25 05:00:00.000000,40100,2026-05-31 22:00:00.000000,52f027c0-14d5-45e3-9fc2-05ea3bf5739a,THRIVING,DURATION,"{""version"":2,""scheduleType"":""WEEKLY"",""timezone"":""Asia/Calcutta"",""weekStartsOn"":""MONDAY"",""weekOfMonthModel"":""DAY_BUCKETS"",""requirements"":{""minCheckins"":3,""maxCheckins"":4},""rules"":[{""scope"":""DAY_OF_WEEK"",""values"":[""TUESDAY"",""THURSDAY"",""SATURDAY""],""mode"":""STRICT""}],""exclusions"":[]}",GREATER_THAN,10dc72ec-6d7c-4300-984a-b672f154c97f,2400.0
True,,100.0,35,3,300.0,100.0,5,270,60.0,180,1,100.0,25,2026-06-07,2026-06-01,100.0,100.0,40,2026-06-01 05:00:00.000000,40101,2026-06-07 22:00:00.000000,52f027c0-14d5-45e3-9fc2-05ea3bf5739a,THRIVING,DURATION,"{""version"":2,""scheduleType"":""WEEKLY"",""timezone"":""Asia/Calcutta"",""weekStartsOn"":""MONDAY"",""weekOfMonthModel"":""DAY_BUCKETS"",""requirements"":{""minCheckins"":3,""maxCheckins"":4},""rules"":[{""scope"":""DAY_OF_WEEK"",""values"":[""TUESDAY"",""THURSDAY"",""SATURDAY""],""mode"":""STRICT""}],""exclusions"":[]}",GREATER_THAN,ec54936c-a297-47f4-9683-854c515bb405,2400.0
True,,100.0,35,4,300.0,100.0,5,270,60.0,180,1,100.0,25,2026-06-14,2026-06-08,100.0,100.0,40,2026-06-08 05:00:00.000000,40102,2026-06-14 22:00:00.000000,52f027c0-14d5-45e3-9fc2-05ea3bf5739a,THRIVING,DURATION,"{""version"":2,""scheduleType"":""WEEKLY"",""timezone"":""Asia/Calcutta"",""weekStartsOn"":""MONDAY"",""weekOfMonthModel"":""DAY_BUCKETS"",""requirements"":{""minCheckins"":3,""maxCheckins"":4},""rules"":[{""scope"":""DAY_OF_WEEK"",""values"":[""TUESDAY"",""THURSDAY"",""SATURDAY""],""mode"":""STRICT""}],""exclusions"":[]}",GREATER_THAN,b95dfa9a-9c62-4272-b92b-9da7b101da1d,2400.0
True,,66.67,35,4,180.0,66.67,5,270,60.0,180,1,66.67,25,2026-06-21,2026-06-15,66.67,66.67,40,2026-06-15 05:00:00.000000,40103,2026-06-21 22:00:00.000000,52f027c0-14d5-45e3-9fc2-05ea3bf5739a,ON_TRACK,DURATION,"{""version"":2,""scheduleType"":""WEEKLY"",""timezone"":""Asia/Calcutta"",""weekStartsOn"":""MONDAY"",""weekOfMonthModel"":""DAY_BUCKETS"",""requirements"":{""minCheckins"":3,""maxCheckins"":4},""rules"":[{""scope"":""DAY_OF_WEEK"",""values"":[""TUESDAY"",""THURSDAY"",""SATURDAY""],""mode"":""STRICT""}],""exclusions"":[]}",GREATER_THAN,640fc907-08df-4330-a73b-bba7e01243a0,2400.0
True,,100.0,35,5,300.0,100.0,5,270,60.0,180,1,100.0,25,2026-06-28,2026-06-22,100.0,100.0,40,2026-06-22 05:00:00.000000,40104,2026-06-28 22:00:00.000000,52f027c0-14d5-45e3-9fc2-05ea3bf5739a,THRIVING,DURATION,"{""version"":2,""scheduleType"":""WEEKLY"",""timezone"":""Asia/Calcutta"",""weekStartsOn"":""MONDAY"",""weekOfMonthModel"":""DAY_BUCKETS"",""requirements"":{""minCheckins"":3,""maxCheckins"":4},""rules"":[{""scope"":""DAY_OF_WEEK"",""values"":[""TUESDAY"",""THURSDAY"",""SATURDAY""],""mode"":""STRICT""}],""exclusions"":[]}",GREATER_THAN,eba58818-482e-4351-b3f3-26004b6d7f65,2400.0
True,,50.0,35,0,90.0,43.33,5,270,180.0,180,1,50.0,25,2026-06-30,2026-06-29,33.33,33.33,40,2026-06-29 05:00:00.000000,40105,2026-06-30 22:00:00.000000,52f027c0-14d5-45e3-9fc2-05ea3bf5739a,AT_RISK,DURATION,"{""version"":2,""scheduleType"":""WEEKLY"",""timezone"":""Asia/Calcutta"",""weekStartsOn"":""MONDAY"",""weekOfMonthModel"":""DAY_BUCKETS"",""requirements"":{""minCheckins"":3,""maxCheckins"":4},""rules"":[{""scope"":""DAY_OF_WEEK"",""values"":[""TUESDAY"",""THURSDAY"",""SATURDAY""],""mode"":""STRICT""}],""exclusions"":[]}",GREATER_THAN,a10abd7d-2a38-4722-bb1f-2722d5a9a847,2400.0
True,,50.0,45,0,1.0,55.0,0,2,1.0,1,1,100.0,25,2026-04-01,2026-04-01,25.0,25.0,30,2026-04-01 05:00:00.000000,40229,2026-04-01 22:00:00.000000,808e6749-c732-4c0b-837b-91c7366fc671,AT_RISK,COUNT,"{""version"":2,""scheduleType"":""DAILY"",""timezone"":""Asia/Calcutta"",""weekStartsOn"":""MONDAY"",""weekOfMonthModel"":""DAY_BUCKETS"",""requirements"":{""minCheckins"":1,""maxCheckins"":2},""rules"":[],""exclusions"":[]}",GREATER_THAN,54f1d479-a30d-4d84-af6a-35848876a8a4,80.0
True,,50.0,45,0,1.0,55.0,0,2,1.0,1,1,100.0,25,2026-04-02,2026-04-02,25.0,25.0,30,2026-04-02 05:00:00.000000,40230,2026-04-02 22:00:00.000000,808e6749-c732-4c0b-837b-91c7366fc671,AT_RISK,COUNT,"{""version"":2,""scheduleType"":""DAILY"",""timezone"":""Asia/Calcutta"",""weekStartsOn"":""MONDAY"",""weekOfMonthModel"":""DAY_BUCKETS"",""requirements"":{""minCheckins"":1,""maxCheckins"":2},""rules"":[],""exclusions"":[]}",GREATER_THAN,1df2abb6-b7a2-42ac-8acb-1226f9bdd58a,80.0
True,,50.0,45,0,1.0,55.0,0,2,1.0,1,1,100.0,25,2026-04-03,2026-04-03,25.0,25.0,30,2026-04-03 05:00:00.000000,40231,2026-04-03 22:00:00.000000,808e6749-c732-4c0b-837b-91c7366fc671,AT_RISK,COUNT,"{""version"":2,""scheduleType"":""DAILY"",""timezone"":""Asia/Calcutta"",""weekStartsOn"":""MONDAY"",""weekOfMonthModel"":""DAY_BUCKETS"",""requirements"":{""minCheckins"":1,""maxCheckins"":2},""rules"":[],""exclusions"":[]}",GREATER_THAN,bd103b50-0bd7-43de-a768-0d77027bf054,80.0
True,,0.0,45,0,0.0,0.0,0,2,1.0,1,1,0.0,25,2026-04-04,2026-04-04,0.0,0.0,30,2026-04-04 05:00:00.000000,40232,2026-04-04 22:00:00.000000,808e6749-c732-4c0b-837b-91c7366fc671,CRITICAL,COUNT,"{""version"":2,""scheduleType"":""DAILY"",""timezone"":""Asia/Calcutta"",""weekStartsOn"":""MONDAY"",""weekOfMonthModel"":""DAY_BUCKETS"",""requirements"":{""minCheckins"":1,""maxCheckins"":2},""rules"":[],""exclusions"":[]}",GREATER_THAN,28b4e24b-7046-4808-8df9-dc82fde36d33,80.0
True,,50.0,45,0,1.0,55.0,0,2,1.0,1,1,100.0,25,2026-04-05,2026-04-05,25.0,25.0,30,2026-04-05 05:00:00.000000,40233,2026-04-05 22:00:00.000000,808e6749-c732-4c0b-837b-91c7366fc671,AT_RISK,COUNT,"{""version"":2,""scheduleType"":""DAILY"",""timezone"":""Asia/Calcutta"",""weekStartsOn"":""MONDAY"",""weekOfMonthModel"":""DAY_BUCKETS"",""requirements"":{""minCheckins"":1,""maxCheckins"":2},""rules"":[],""exclusions"":[]}",GREATER_THAN,47b7a057-39bc-40d0-b904-b7f80d428823,80.0
True,,50.0,45,0,1.0,55.0,0,2,1.0,1,1,100.0,25,2026-04-06,2026-04-06,25.0,25.0,30,2026-04-06 05:00:00.000000,40234,2026-04-06 22:00:00.000000,808e6749-c732-4c0b-837b-91c7366fc671,AT_RISK,COUNT,"{""version"":2,""scheduleType"":""DAILY"",""timezone"":""Asia/Calcutta"",""weekStartsOn"":""MONDAY"",""weekOfMonthModel"":""DAY_BUCKETS"",""requirements"":{""minCheckins"":1,""maxCheckins"":2},""rules"":[],""exclusions"":[]}",GREATER_THAN,a6bd74df-bb0a-4b78-af7a-5048a7b53b6f,80.0
True,,0.0,45,0,0.0,0.0,0,2,1.0,1,1,0.0,25,2026-04-07,2026-04-07,0.0,0.0,30,2026-04-07 05:00:00.000000,40235,2026-04-07 22:00:00.000000,808e6749-c732-4c0b-837b-91c7366fc671,CRITICAL,COUNT,"{""version"":2,""scheduleType"":""DAILY"",""timezone"":""Asia/Calcutta"",""weekStartsOn"":""MONDAY"",""weekOfMonthModel"":""DAY_BUCKETS"",""requirements"":{""minCheckins"":1,""maxCheckins"":2},""rules"":[],""exclusions"":[]}",GREATER_THAN,609e78ec-2920-491a-b6fb-a2c4ba6d3d20,80.0
True,,50.0,45,0,1.0,55.0,0,2,1.0,1,1,100.0,25,2026-04-08,2026-04-08,25.0,25.0,30,2026-04-08 05:00:00.000000,40236,2026-04-08 22:00:00.000000,808e6749-c732-4c0b-837b-91c7366fc671,AT_RISK,COUNT,"{""version"":2,""scheduleType"":""DAILY"",""timezone"":""Asia/Calcutta"",""weekStartsOn"":""MONDAY"",""weekOfMonthModel"":""DAY_BUCKETS"",""requirements"":{""minCheckins"":1,""maxCheckins"":2},""rules"":[],""exclusions"":[]}",GREATER_THAN,58f74688-1d9e-45a9-8de6-b4395c81d73e,80.0
True,,50.0,45,0,1.0,55.0,0,2,1.0,1,1,100.0,25,2026-04-09,2026-04-09,25.0,25.0,30,2026-04-09 05:00:00.000000,40237,2026-04-09 22:00:00.000000,808e6749-c732-4c0b-837b-91c7366fc671,AT_RISK,COUNT,"{""version"":2,""scheduleType"":""DAILY"",""timezone"":""Asia/Calcutta"",""weekStartsOn"":""MONDAY"",""weekOfMonthModel"":""DAY_BUCKETS"",""requirements"":{""minCheckins"":1,""maxCheckins"":2},""rules"":[],""exclusions"":[]}",GREATER_THAN,6a0c2c05-1051-4bbc-9f42-166dbf096c30,80.0
True,,50.0,45,0,1.0,55.0,0,2,1.0,1,1,100.0,25,2026-04-10,2026-04-10,25.0,25.0,30,2026-04-10 05:00:00.000000,40238,2026-04-10 22:00:00.000000,808e6749-c732-4c0b-837b-91c7366fc671,AT_RISK,COUNT,"{""version"":2,""scheduleType"":""DAILY"",""timezone"":""Asia/Calcutta"",""weekStartsOn"":""MONDAY"",""weekOfMonthModel"":""DAY_BUCKETS"",""requirements"":{""minCheckins"":1,""maxCheckins"":2},""rules"":[],""exclusions"":[]}",GREATER_THAN,93c12c45-838c-4720-a584-98d3267a268d,80.0
True,,50.0,45,0,1.0,55.0,0,2,1.0,1,1,100.0,25,2026-04-11,2026-04-11,25.0,25.0,30,2026-04-11 05:00:00.000000,40239,2026-04-11 22:00:00.000000,808e6749-c732-4c0b-837b-91c7366fc671,AT_RISK,COUNT,"{""version"":2,""scheduleType"":""DAILY"",""timezone"":""Asia/Calcutta"",""weekStartsOn"":""MONDAY"",""weekOfMonthModel"":""DAY_BUCKETS"",""requirements"":{""minCheckins"":1,""maxCheckins"":2},""rules"":[],""exclusions"":[]}",GREATER_THAN,4ad7a523-82c9-4333-95fc-094e6e00dbcc,80.0
True,,0.0,45,0,0.0,0.0,0,2,1.0,1,1,0.0,25,2026-04-12,2026-04-12,0.0,0.0,30,2026-04-12 05:00:00.000000,40240,2026-04-12 22:00:00.000000,808e6749-c732-4c0b-837b-91c7366fc671,CRITICAL,COUNT,"{""version"":2,""scheduleType"":""DAILY"",""timezone"":""Asia/Calcutta"",""weekStartsOn"":""MONDAY"",""weekOfMonthModel"":""DAY_BUCKETS"",""requirements"":{""minCheckins"":1,""maxCheckins"":2},""rules"":[],""exclusions"":[]}",GREATER_THAN,d29366bb-ef80-4782-8259-3ce03cdae05c,80.0
True,,50.0,45,0,1.0,55.0,0,2,1.0,1,1,100.0,25,2026-04-13,2026-04-13,25.0,25.0,30,2026-04-13 05:00:00.000000,40241,2026-04-13 22:00:00.000000,808e6749-c732-4c0b-837b-91c7366fc671,AT_RISK,COUNT,"{""version"":2,""scheduleType"":""DAILY"",""timezone"":""Asia/Calcutta"",""weekStartsOn"":""MONDAY"",""weekOfMonthModel"":""DAY_BUCKETS"",""requirements"":{""minCheckins"":1,""maxCheckins"":2},""rules"":[],""exclusions"":[]}",GREATER_THAN,5860d2e8-e6ae-4616-b5ea-01afe66857ec,80.0
True,,50.0,45,0,1.0,55.0,0,2,1.0,1,1,100.0,25,2026-04-14,2026-04-14,25.0,25.0,30,2026-04-14 05:00:00.000000,40242,2026-04-14 22:00:00.000000,808e6749-c732-4c0b-837b-91c7366fc671,AT_RISK,COUNT,"{""version"":2,""scheduleType"":""DAILY"",""timezone"":""Asia/Calcutta"",""weekStartsOn"":""MONDAY"",""weekOfMonthModel"":""DAY_BUCKETS"",""requirements"":{""minCheckins"":1,""maxCheckins"":2},""rules"":[],""exclusions"":[]}",GREATER_THAN,cd9bf5c7-d9c3-46f7-9b53-c102e8d1f8a0,80.0
True,,50.0,45,0,1.0,55.0,0,2,1.0,1,1,100.0,25,2026-04-15,2026-04-15,25.0,25.0,30,2026-04-15 05:00:00.000000,40243,2026-04-15 22:00:00.000000,808e6749-c732-4c0b-837b-91c7366fc671,AT_RISK,COUNT,"{""version"":2,""scheduleType"":""DAILY"",""timezone"":""Asia/Calcutta"",""weekStartsOn"":""MONDAY"",""weekOfMonthModel"":""DAY_BUCKETS"",""requirements"":{""minCheckins"":1,""maxCheckins"":2},""rules"":[],""exclusions"":[]}",GREATER_THAN,44e4a373-d9e7-4b39-9efc-69364cdd8b74,80.0
True,,50.0,45,0,1.0,55.0,0,2,1.0,1,1,100.0,25,2026-04-16,2026-04-16,25.0,25.0,30,2026-04-16 05:00:00.000000,40244,2026-04-16 22:00:00.000000,808e6749-c732-4c0b-837b-91c7366fc671,AT_RISK,COUNT,"{""version"":2,""scheduleType"":""DAILY"",""timezone"":""Asia/Calcutta"",""weekStartsOn"":""MONDAY"",""weekOfMonthModel"":""DAY_BUCKETS"",""requirements"":{""minCheckins"":1,""maxCheckins"":2},""rules"":[],""exclusions"":[]}",GREATER_THAN,a4947779-10d2-4281-9548-4c77eca959eb,80.0
True,,50.0,45,0,1.0,55.0,0,2,1.0,1,1,100.0,25,2026-04-17,2026-04-17,25.0,25.0,30,2026-04-17 05:00:00.000000,40245,2026-04-17 22:00:00.000000,808e6749-c732-4c0b-837b-91c7366fc671,AT_RISK,COUNT,"{""version"":2,""scheduleType"":""DAILY"",""timezone"":""Asia/Calcutta"",""weekStartsOn"":""MONDAY"",""weekOfMonthModel"":""DAY_BUCKETS"",""requirements"":{""minCheckins"":1,""maxCheckins"":2},""rules"":[],""exclusions"":[]}",GREATER_THAN,a89e9363-3a2b-4ca2-b194-f33f56cc63e1,80.0
True,,50.0,45,0,1.0,55.0,0,2,1.0,1,1,100.0,25,2026-04-18,2026-04-18,25.0,25.0,30,2026-04-18 05:00:00.000000,40246,2026-04-18 22:00:00.000000,808e6749-c732-4c0b-837b-91c7366fc671,AT_RISK,COUNT,"{""version"":2,""scheduleType"":""DAILY"",""timezone"":""Asia/Calcutta"",""weekStartsOn"":""MONDAY"",""weekOfMonthModel"":""DAY_BUCKETS"",""requirements"":{""minCheckins"":1,""maxCheckins"":2},""rules"":[],""exclusions"":[]}",GREATER_THAN,889e98d0-34d7-4243-9d71-8bc6a259555c,80.0
True,,50.0,45,0,1.0,55.0,0,2,1.0,1,1,100.0,25,2026-04-19,2026-04-19,25.0,25.0,30,2026-04-19 05:00:00.000000,40247,2026-04-19 22:00:00.000000,808e6749-c732-4c0b-837b-91c7366fc671,AT_RISK,COUNT,"{""version"":2,""scheduleType"":""DAILY"",""timezone"":""Asia/Calcutta"",""weekStartsOn"":""MONDAY"",""weekOfMonthModel"":""DAY_BUCKETS"",""requirements"":{""minCheckins"":1,""maxCheckins"":2},""rules"":[],""exclusions"":[]}",GREATER_THAN,3a6ea180-49d2-468d-99b2-cb00ecf58037,80.0
True,,0.0,45,0,0.0,0.0,0,2,1.0,1,1,0.0,25,2026-04-20,2026-04-20,0.0,0.0,30,2026-04-20 05:00:00.000000,40248,2026-04-20 22:00:00.000000,808e6749-c732-4c0b-837b-91c7366fc671,CRITICAL,COUNT,"{""version"":2,""scheduleType"":""DAILY"",""timezone"":""Asia/Calcutta"",""weekStartsOn"":""MONDAY"",""weekOfMonthModel"":""DAY_BUCKETS"",""requirements"":{""minCheckins"":1,""maxCheckins"":2},""rules"":[],""exclusions"":[]}",GREATER_THAN,d04fc6f0-96f4-495a-8dc8-e8d46080c61c,80.0
True,,50.0,45,0,1.0,55.0,0,2,1.0,1,1,100.0,25,2026-04-21,2026-04-21,25.0,25.0,30,2026-04-21 05:00:00.000000,40249,2026-04-21 22:00:00.000000,808e6749-c732-4c0b-837b-91c7366fc671,AT_RISK,COUNT,"{""version"":2,""scheduleType"":""DAILY"",""timezone"":""Asia/Calcutta"",""weekStartsOn"":""MONDAY"",""weekOfMonthModel"":""DAY_BUCKETS"",""requirements"":{""minCheckins"":1,""maxCheckins"":2},""rules"":[],""exclusions"":[]}",GREATER_THAN,b200c053-87d3-4786-a468-16f4340ea7be,80.0
True,,50.0,45,0,1.0,55.0,0,2,1.0,1,1,100.0,25,2026-04-22,2026-04-22,25.0,25.0,30,2026-04-22 05:00:00.000000,40250,2026-04-22 22:00:00.000000,808e6749-c732-4c0b-837b-91c7366fc671,AT_RISK,COUNT,"{""version"":2,""scheduleType"":""DAILY"",""timezone"":""Asia/Calcutta"",""weekStartsOn"":""MONDAY"",""weekOfMonthModel"":""DAY_BUCKETS"",""requirements"":{""minCheckins"":1,""maxCheckins"":2},""rules"":[],""exclusions"":[]}",GREATER_THAN,cdc789d5-09db-4fdf-989e-de07006a8b76,80.0
True,,50.0,45,0,1.0,55.0,0,2,1.0,1,1,100.0,25,2026-04-23,2026-04-23,25.0,25.0,30,2026-04-23 05:00:00.000000,40251,2026-04-23 22:00:00.000000,808e6749-c732-4c0b-837b-91c7366fc671,AT_RISK,COUNT,"{""version"":2,""scheduleType"":""DAILY"",""timezone"":""Asia/Calcutta"",""weekStartsOn"":""MONDAY"",""weekOfMonthModel"":""DAY_BUCKETS"",""requirements"":{""minCheckins"":1,""maxCheckins"":2},""rules"":[],""exclusions"":[]}",GREATER_THAN,246e9d5c-52aa-4178-a39e-a1756f5720b5,80.0
True,,50.0,45,0,1.0,55.0,0,2,1.0,1,1,100.0,25,2026-04-24,2026-04-24,25.0,25.0,30,2026-04-24 05:00:00.000000,40252,2026-04-24 22:00:00.000000,808e6749-c732-4c0b-837b-91c7366fc671,AT_RISK,COUNT,"{""version"":2,""scheduleType"":""DAILY"",""timezone"":""Asia/Calcutta"",""weekStartsOn"":""MONDAY"",""weekOfMonthModel"":""DAY_BUCKETS"",""requirements"":{""minCheckins"":1,""maxCheckins"":2},""rules"":[],""exclusions"":[]}",GREATER_THAN,91a40309-55b7-483b-b739-668a3a804b7c,80.0
True,,50.0,45,0,1.0,55.0,0,2,1.0,1,1,100.0,25,2026-04-25,2026-04-25,25.0,25.0,30,2026-04-25 05:00:00.000000,40253,2026-04-25 22:00:00.000000,808e6749-c732-4c0b-837b-91c7366fc671,AT_RISK,COUNT,"{""version"":2,""scheduleType"":""DAILY"",""timezone"":""Asia/Calcutta"",""weekStartsOn"":""MONDAY"",""weekOfMonthModel"":""DAY_BUCKETS"",""requirements"":{""minCheckins"":1,""maxCheckins"":2},""rules"":[],""exclusions"":[]}",GREATER_THAN,d28eed0c-32d7-4051-a022-a22e5e94cc8e,80.0
True,,50.0,45,0,1.0,55.0,0,2,1.0,1,1,100.0,25,2026-04-26,2026-04-26,25.0,25.0,30,2026-04-26 05:00:00.000000,40254,2026-04-26 22:00:00.000000,808e6749-c732-4c0b-837b-91c7366fc671,AT_RISK,COUNT,"{""version"":2,""scheduleType"":""DAILY"",""timezone"":""Asia/Calcutta"",""weekStartsOn"":""MONDAY"",""weekOfMonthModel"":""DAY_BUCKETS"",""requirements"":{""minCheckins"":1,""maxCheckins"":2},""rules"":[],""exclusions"":[]}",GREATER_THAN,e7734eee-3ce9-4ea4-8137-a027cea179aa,80.0
True,,50.0,45,0,1.0,55.0,0,2,1.0,1,1,100.0,25,2026-04-27,2026-04-27,25.0,25.0,30,2026-04-27 05:00:00.000000,40255,2026-04-27 22:00:00.000000,808e6749-c732-4c0b-837b-91c7366fc671,AT_RISK,COUNT,"{""version"":2,""scheduleType"":""DAILY"",""timezone"":""Asia/Calcutta"",""weekStartsOn"":""MONDAY"",""weekOfMonthModel"":""DAY_BUCKETS"",""requirements"":{""minCheckins"":1,""maxCheckins"":2},""rules"":[],""exclusions"":[]}",GREATER_THAN,49854baf-6383-415f-a88e-1adb10ab45bd,80.0
True,,0.0,45,0,0.0,0.0,0,2,1.0,1,1,0.0,25,2026-04-28,2026-04-28,0.0,0.0,30,2026-04-28 05:00:00.000000,40256,2026-04-28 22:00:00.000000,808e6749-c732-4c0b-837b-91c7366fc671,CRITICAL,COUNT,"{""version"":2,""scheduleType"":""DAILY"",""timezone"":""Asia/Calcutta"",""weekStartsOn"":""MONDAY"",""weekOfMonthModel"":""DAY_BUCKETS"",""requirements"":{""minCheckins"":1,""maxCheckins"":2},""rules"":[],""exclusions"":[]}",GREATER_THAN,e73a228c-4e7f-4c94-928b-1124e3b8495d,80.0
True,,50.0,45,0,1.0,55.0,0,2,1.0,1,1,100.0,25,2026-04-29,2026-04-29,25.0,25.0,30,2026-04-29 05:00:00.000000,40257,2026-04-29 22:00:00.000000,808e6749-c732-4c0b-837b-91c7366fc671,AT_RISK,COUNT,"{""version"":2,""scheduleType"":""DAILY"",""timezone"":""Asia/Calcutta"",""weekStartsOn"":""MONDAY"",""weekOfMonthModel"":""DAY_BUCKETS"",""requirements"":{""minCheckins"":1,""maxCheckins"":2},""rules"":[],""exclusions"":[]}",GREATER_THAN,9d89ea2f-f349-4ae5-9747-51a9c573d09d,80.0
True,,50.0,45,0,1.0,55.0,0,2,1.0,1,1,100.0,25,2026-04-30,2026-04-30,25.0,25.0,30,2026-04-30 05:00:00.000000,40258,2026-04-30 22:00:00.000000,808e6749-c732-4c0b-837b-91c7366fc671,AT_RISK,COUNT,"{""version"":2,""scheduleType"":""DAILY"",""timezone"":""Asia/Calcutta"",""weekStartsOn"":""MONDAY"",""weekOfMonthModel"":""DAY_BUCKETS"",""requirements"":{""minCheckins"":1,""maxCheckins"":2},""rules"":[],""exclusions"":[]}",GREATER_THAN,8703e4e2-9dea-4d5d-8aec-f1c951e728ba,80.0
True,,50.0,45,0,1.0,55.0,0,2,1.0,1,1,100.0,25,2026-05-01,2026-05-01,25.0,25.0,30,2026-05-01 05:00:00.000000,40259,2026-05-01 22:00:00.000000,808e6749-c732-4c0b-837b-91c7366fc671,AT_RISK,COUNT,"{""version"":2,""scheduleType"":""DAILY"",""timezone"":""Asia/Calcutta"",""weekStartsOn"":""MONDAY"",""weekOfMonthModel"":""DAY_BUCKETS"",""requirements"":{""minCheckins"":1,""maxCheckins"":2},""rules"":[],""exclusions"":[]}",GREATER_THAN,dbc99f21-f7dd-4c02-9727-ce162e8c12d0,80.0
True,,0.0,45,0,0.0,0.0,0,2,1.0,1,1,0.0,25,2026-05-02,2026-05-02,0.0,0.0,30,2026-05-02 05:00:00.000000,40260,2026-05-02 22:00:00.000000,808e6749-c732-4c0b-837b-91c7366fc671,CRITICAL,COUNT,"{""version"":2,""scheduleType"":""DAILY"",""timezone"":""Asia/Calcutta"",""weekStartsOn"":""MONDAY"",""weekOfMonthModel"":""DAY_BUCKETS"",""requirements"":{""minCheckins"":1,""maxCheckins"":2},""rules"":[],""exclusions"":[]}",GREATER_THAN,82b9a6a5-9dc7-404d-b906-edcbe1ea5731,80.0
True,,50.0,45,0,1.0,55.0,0,2,1.0,1,1,100.0,25,2026-05-03,2026-05-03,25.0,25.0,30,2026-05-03 05:00:00.000000,40261,2026-05-03 22:00:00.000000,808e6749-c732-4c0b-837b-91c7366fc671,AT_RISK,COUNT,"{""version"":2,""scheduleType"":""DAILY"",""timezone"":""Asia/Calcutta"",""weekStartsOn"":""MONDAY"",""weekOfMonthModel"":""DAY_BUCKETS"",""requirements"":{""minCheckins"":1,""maxCheckins"":2},""rules"":[],""exclusions"":[]}",GREATER_THAN,23e56151-3234-4692-a5c5-b5705c7c061f,80.0
True,,50.0,45,0,1.0,55.0,0,2,1.0,1,1,100.0,25,2026-05-04,2026-05-04,25.0,25.0,30,2026-05-04 05:00:00.000000,40262,2026-05-04 22:00:00.000000,808e6749-c732-4c0b-837b-91c7366fc671,AT_RISK,COUNT,"{""version"":2,""scheduleType"":""DAILY"",""timezone"":""Asia/Calcutta"",""weekStartsOn"":""MONDAY"",""weekOfMonthModel"":""DAY_BUCKETS"",""requirements"":{""minCheckins"":1,""maxCheckins"":2},""rules"":[],""exclusions"":[]}",GREATER_THAN,3da220d9-d9fb-49ef-9149-ab5792c0151a,80.0
True,,0.0,45,0,0.0,0.0,0,2,1.0,1,1,0.0,25,2026-05-05,2026-05-05,0.0,0.0,30,2026-05-05 05:00:00.000000,40263,2026-05-05 22:00:00.000000,808e6749-c732-4c0b-837b-91c7366fc671,CRITICAL,COUNT,"{""version"":2,""scheduleType"":""DAILY"",""timezone"":""Asia/Calcutta"",""weekStartsOn"":""MONDAY"",""weekOfMonthModel"":""DAY_BUCKETS"",""requirements"":{""minCheckins"":1,""maxCheckins"":2},""rules"":[],""exclusions"":[]}",GREATER_THAN,4709ed27-8a45-43b5-b56d-e31dcf97843d,80.0
True,,50.0,45,0,1.0,55.0,0,2,1.0,1,1,100.0,25,2026-05-06,2026-05-06,25.0,25.0,30,2026-05-06 05:00:00.000000,40264,2026-05-06 22:00:00.000000,808e6749-c732-4c0b-837b-91c7366fc671,AT_RISK,COUNT,"{""version"":2,""scheduleType"":""DAILY"",""timezone"":""Asia/Calcutta"",""weekStartsOn"":""MONDAY"",""weekOfMonthModel"":""DAY_BUCKETS"",""requirements"":{""minCheckins"":1,""maxCheckins"":2},""rules"":[],""exclusions"":[]}",GREATER_THAN,e9a9698e-8ef5-4e71-acaa-222c3459d28f,80.0
True,,50.0,45,0,1.0,55.0,0,2,1.0,1,1,100.0,25,2026-05-07,2026-05-07,25.0,25.0,30,2026-05-07 05:00:00.000000,40265,2026-05-07 22:00:00.000000,808e6749-c732-4c0b-837b-91c7366fc671,AT_RISK,COUNT,"{""version"":2,""scheduleType"":""DAILY"",""timezone"":""Asia/Calcutta"",""weekStartsOn"":""MONDAY"",""weekOfMonthModel"":""DAY_BUCKETS"",""requirements"":{""minCheckins"":1,""maxCheckins"":2},""rules"":[],""exclusions"":[]}",GREATER_THAN,4e316f83-6d09-41e3-a1cd-fa5b387f3965,80.0
True,,50.0,45,0,1.0,55.0,0,2,1.0,1,1,100.0,25,2026-05-08,2026-05-08,25.0,25.0,30,2026-05-08 05:00:00.000000,40266,2026-05-08 22:00:00.000000,808e6749-c732-4c0b-837b-91c7366fc671,AT_RISK,COUNT,"{""version"":2,""scheduleType"":""DAILY"",""timezone"":""Asia/Calcutta"",""weekStartsOn"":""MONDAY"",""weekOfMonthModel"":""DAY_BUCKETS"",""requirements"":{""minCheckins"":1,""maxCheckins"":2},""rules"":[],""exclusions"":[]}",GREATER_THAN,f1a21bb2-ca43-4470-99b0-eb3b6625e67c,80.0
True,,0.0,45,0,0.0,0.0,0,2,1.0,1,1,0.0,25,2026-05-09,2026-05-09,0.0,0.0,30,2026-05-09 05:00:00.000000,40267,2026-05-09 22:00:00.000000,808e6749-c732-4c0b-837b-91c7366fc671,CRITICAL,COUNT,"{""version"":2,""scheduleType"":""DAILY"",""timezone"":""Asia/Calcutta"",""weekStartsOn"":""MONDAY"",""weekOfMonthModel"":""DAY_BUCKETS"",""requirements"":{""minCheckins"":1,""maxCheckins"":2},""rules"":[],""exclusions"":[]}",GREATER_THAN,c47c28ed-994b-4b4f-8038-a906bc636c4e,80.0
True,,50.0,45,0,1.0,55.0,0,2,1.0,1,1,100.0,25,2026-05-10,2026-05-10,25.0,25.0,30,2026-05-10 05:00:00.000000,40268,2026-05-10 22:00:00.000000,808e6749-c732-4c0b-837b-91c7366fc671,AT_RISK,COUNT,"{""version"":2,""scheduleType"":""DAILY"",""timezone"":""Asia/Calcutta"",""weekStartsOn"":""MONDAY"",""weekOfMonthModel"":""DAY_BUCKETS"",""requirements"":{""minCheckins"":1,""maxCheckins"":2},""rules"":[],""exclusions"":[]}",GREATER_THAN,e334aefc-58df-4ad4-bc36-0615a8a8311a,80.0
True,,50.0,45,0,1.0,55.0,0,2,1.0,1,1,100.0,25,2026-05-11,2026-05-11,25.0,25.0,30,2026-05-11 05:00:00.000000,40269,2026-05-11 22:00:00.000000,808e6749-c732-4c0b-837b-91c7366fc671,AT_RISK,COUNT,"{""version"":2,""scheduleType"":""DAILY"",""timezone"":""Asia/Calcutta"",""weekStartsOn"":""MONDAY"",""weekOfMonthModel"":""DAY_BUCKETS"",""requirements"":{""minCheckins"":1,""maxCheckins"":2},""rules"":[],""exclusions"":[]}",GREATER_THAN,9594accc-2787-4bb6-b2c9-f067c07f63ba,80.0
True,,50.0,45,0,1.0,55.0,0,2,1.0,1,1,100.0,25,2026-05-12,2026-05-12,25.0,25.0,30,2026-05-12 05:00:00.000000,40270,2026-05-12 22:00:00.000000,808e6749-c732-4c0b-837b-91c7366fc671,AT_RISK,COUNT,"{""version"":2,""scheduleType"":""DAILY"",""timezone"":""Asia/Calcutta"",""weekStartsOn"":""MONDAY"",""weekOfMonthModel"":""DAY_BUCKETS"",""requirements"":{""minCheckins"":1,""maxCheckins"":2},""rules"":[],""exclusions"":[]}",GREATER_THAN,8218c8ac-24c3-48b5-a0c3-194d5791c49d,80.0
True,,50.0,45,0,1.0,55.0,0,2,1.0,1,1,100.0,25,2026-05-13,2026-05-13,25.0,25.0,30,2026-05-13 05:00:00.000000,40271,2026-05-13 22:00:00.000000,808e6749-c732-4c0b-837b-91c7366fc671,AT_RISK,COUNT,"{""version"":2,""scheduleType"":""DAILY"",""timezone"":""Asia/Calcutta"",""weekStartsOn"":""MONDAY"",""weekOfMonthModel"":""DAY_BUCKETS"",""requirements"":{""minCheckins"":1,""maxCheckins"":2},""rules"":[],""exclusions"":[]}",GREATER_THAN,e9bfa0b8-4fc2-4112-bd2c-3c5904182bbb,80.0
True,,50.0,45,0,1.0,55.0,0,2,1.0,1,1,100.0,25,2026-05-14,2026-05-14,25.0,25.0,30,2026-05-14 05:00:00.000000,40272,2026-05-14 22:00:00.000000,808e6749-c732-4c0b-837b-91c7366fc671,AT_RISK,COUNT,"{""version"":2,""scheduleType"":""DAILY"",""timezone"":""Asia/Calcutta"",""weekStartsOn"":""MONDAY"",""weekOfMonthModel"":""DAY_BUCKETS"",""requirements"":{""minCheckins"":1,""maxCheckins"":2},""rules"":[],""exclusions"":[]}",GREATER_THAN,bf735537-5f4e-4e87-b623-433b1891dd44,80.0
True,,50.0,45,0,1.0,55.0,0,2,1.0,1,1,100.0,25,2026-05-15,2026-05-15,25.0,25.0,30,2026-05-15 05:00:00.000000,40273,2026-05-15 22:00:00.000000,808e6749-c732-4c0b-837b-91c7366fc671,AT_RISK,COUNT,"{""version"":2,""scheduleType"":""DAILY"",""timezone"":""Asia/Calcutta"",""weekStartsOn"":""MONDAY"",""weekOfMonthModel"":""DAY_BUCKETS"",""requirements"":{""minCheckins"":1,""maxCheckins"":2},""rules"":[],""exclusions"":[]}",GREATER_THAN,8dfa41ad-86fc-4fe3-999f-e828c62a0c50,80.0
True,,0.0,45,0,0.0,0.0,0,2,1.0,1,1,0.0,25,2026-05-16,2026-05-16,0.0,0.0,30,2026-05-16 05:00:00.000000,40274,2026-05-16 22:00:00.000000,808e6749-c732-4c0b-837b-91c7366fc671,CRITICAL,COUNT,"{""version"":2,""scheduleType"":""DAILY"",""timezone"":""Asia/Calcutta"",""weekStartsOn"":""MONDAY"",""weekOfMonthModel"":""DAY_BUCKETS"",""requirements"":{""minCheckins"":1,""maxCheckins"":2},""rules"":[],""exclusions"":[]}",GREATER_THAN,497c9e46-63f6-4eb5-8b77-0fbf6f9553af,80.0
True,,50.0,45,0,1.0,55.0,0,2,1.0,1,1,100.0,25,2026-05-17,2026-05-17,25.0,25.0,30,2026-05-17 05:00:00.000000,40275,2026-05-17 22:00:00.000000,808e6749-c732-4c0b-837b-91c7366fc671,AT_RISK,COUNT,"{""version"":2,""scheduleType"":""DAILY"",""timezone"":""Asia/Calcutta"",""weekStartsOn"":""MONDAY"",""weekOfMonthModel"":""DAY_BUCKETS"",""requirements"":{""minCheckins"":1,""maxCheckins"":2},""rules"":[],""exclusions"":[]}",GREATER_THAN,149d8a7b-a964-4353-9d23-25618fa7fa58,80.0
True,,50.0,45,0,1.0,55.0,0,2,1.0,1,1,100.0,25,2026-05-18,2026-05-18,25.0,25.0,30,2026-05-18 05:00:00.000000,40276,2026-05-18 22:00:00.000000,808e6749-c732-4c0b-837b-91c7366fc671,AT_RISK,COUNT,"{""version"":2,""scheduleType"":""DAILY"",""timezone"":""Asia/Calcutta"",""weekStartsOn"":""MONDAY"",""weekOfMonthModel"":""DAY_BUCKETS"",""requirements"":{""minCheckins"":1,""maxCheckins"":2},""rules"":[],""exclusions"":[]}",GREATER_THAN,1ba465e3-00ae-4ddf-a15f-2d234ee7b86a,80.0
True,,50.0,45,0,1.0,55.0,0,2,1.0,1,1,100.0,25,2026-05-19,2026-05-19,25.0,25.0,30,2026-05-19 05:00:00.000000,40277,2026-05-19 22:00:00.000000,808e6749-c732-4c0b-837b-91c7366fc671,AT_RISK,COUNT,"{""version"":2,""scheduleType"":""DAILY"",""timezone"":""Asia/Calcutta"",""weekStartsOn"":""MONDAY"",""weekOfMonthModel"":""DAY_BUCKETS"",""requirements"":{""minCheckins"":1,""maxCheckins"":2},""rules"":[],""exclusions"":[]}",GREATER_THAN,e11f8f2e-1a19-491d-a0eb-debe535db8fa,80.0
True,,50.0,45,0,1.0,55.0,0,2,1.0,1,1,100.0,25,2026-05-20,2026-05-20,25.0,25.0,30,2026-05-20 05:00:00.000000,40278,2026-05-20 22:00:00.000000,808e6749-c732-4c0b-837b-91c7366fc671,AT_RISK,COUNT,"{""version"":2,""scheduleType"":""DAILY"",""timezone"":""Asia/Calcutta"",""weekStartsOn"":""MONDAY"",""weekOfMonthModel"":""DAY_BUCKETS"",""requirements"":{""minCheckins"":1,""maxCheckins"":2},""rules"":[],""exclusions"":[]}",GREATER_THAN,716a0685-8f44-4bc6-ae21-855a50ce9fe4,80.0
True,,50.0,45,0,1.0,55.0,0,2,1.0,1,1,100.0,25,2026-05-21,2026-05-21,25.0,25.0,30,2026-05-21 05:00:00.000000,40279,2026-05-21 22:00:00.000000,808e6749-c732-4c0b-837b-91c7366fc671,AT_RISK,COUNT,"{""version"":2,""scheduleType"":""DAILY"",""timezone"":""Asia/Calcutta"",""weekStartsOn"":""MONDAY"",""weekOfMonthModel"":""DAY_BUCKETS"",""requirements"":{""minCheckins"":1,""maxCheckins"":2},""rules"":[],""exclusions"":[]}",GREATER_THAN,39e248f1-6f58-490d-a0f4-c783af68b988,80.0
True,,50.0,45,0,1.0,55.0,0,2,1.0,1,1,100.0,25,2026-05-22,2026-05-22,25.0,25.0,30,2026-05-22 05:00:00.000000,40280,2026-05-22 22:00:00.000000,808e6749-c732-4c0b-837b-91c7366fc671,AT_RISK,COUNT,"{""version"":2,""scheduleType"":""DAILY"",""timezone"":""Asia/Calcutta"",""weekStartsOn"":""MONDAY"",""weekOfMonthModel"":""DAY_BUCKETS"",""requirements"":{""minCheckins"":1,""maxCheckins"":2},""rules"":[],""exclusions"":[]}",GREATER_THAN,fef9dba1-a215-433c-89a0-cba0eaceffc8,80.0
True,,0.0,45,0,0.0,0.0,0,2,1.0,1,1,0.0,25,2026-05-23,2026-05-23,0.0,0.0,30,2026-05-23 05:00:00.000000,40281,2026-05-23 22:00:00.000000,808e6749-c732-4c0b-837b-91c7366fc671,CRITICAL,COUNT,"{""version"":2,""scheduleType"":""DAILY"",""timezone"":""Asia/Calcutta"",""weekStartsOn"":""MONDAY"",""weekOfMonthModel"":""DAY_BUCKETS"",""requirements"":{""minCheckins"":1,""maxCheckins"":2},""rules"":[],""exclusions"":[]}",GREATER_THAN,a79c6f14-e733-4370-809d-b3e066ca7a99,80.0
True,,50.0,45,0,1.0,55.0,0,2,1.0,1,1,100.0,25,2026-05-24,2026-05-24,25.0,25.0,30,2026-05-24 05:00:00.000000,40282,2026-05-24 22:00:00.000000,808e6749-c732-4c0b-837b-91c7366fc671,AT_RISK,COUNT,"{""version"":2,""scheduleType"":""DAILY"",""timezone"":""Asia/Calcutta"",""weekStartsOn"":""MONDAY"",""weekOfMonthModel"":""DAY_BUCKETS"",""requirements"":{""minCheckins"":1,""maxCheckins"":2},""rules"":[],""exclusions"":[]}",GREATER_THAN,f2aae7dc-7e52-49d2-b2c2-a827547215b1,80.0
True,,50.0,45,0,1.0,55.0,0,2,1.0,1,1,100.0,25,2026-05-25,2026-05-25,25.0,25.0,30,2026-05-25 05:00:00.000000,40283,2026-05-25 22:00:00.000000,808e6749-c732-4c0b-837b-91c7366fc671,AT_RISK,COUNT,"{""version"":2,""scheduleType"":""DAILY"",""timezone"":""Asia/Calcutta"",""weekStartsOn"":""MONDAY"",""weekOfMonthModel"":""DAY_BUCKETS"",""requirements"":{""minCheckins"":1,""maxCheckins"":2},""rules"":[],""exclusions"":[]}",GREATER_THAN,456d842f-1c24-43a6-b817-764e3077d184,80.0
True,,50.0,45,0,1.0,55.0,0,2,1.0,1,1,100.0,25,2026-05-26,2026-05-26,25.0,25.0,30,2026-05-26 05:00:00.000000,40284,2026-05-26 22:00:00.000000,808e6749-c732-4c0b-837b-91c7366fc671,AT_RISK,COUNT,"{""version"":2,""scheduleType"":""DAILY"",""timezone"":""Asia/Calcutta"",""weekStartsOn"":""MONDAY"",""weekOfMonthModel"":""DAY_BUCKETS"",""requirements"":{""minCheckins"":1,""maxCheckins"":2},""rules"":[],""exclusions"":[]}",GREATER_THAN,9bbbcef9-e6f1-4db7-97d8-e2bb0f8ba269,80.0
True,,50.0,45,0,1.0,55.0,0,2,1.0,1,1,100.0,25,2026-05-27,2026-05-27,25.0,25.0,30,2026-05-27 05:00:00.000000,40285,2026-05-27 22:00:00.000000,808e6749-c732-4c0b-837b-91c7366fc671,AT_RISK,COUNT,"{""version"":2,""scheduleType"":""DAILY"",""timezone"":""Asia/Calcutta"",""weekStartsOn"":""MONDAY"",""weekOfMonthModel"":""DAY_BUCKETS"",""requirements"":{""minCheckins"":1,""maxCheckins"":2},""rules"":[],""exclusions"":[]}",GREATER_THAN,37a96419-e912-4bd7-a495-4563a2e5bc41,80.0
True,,50.0,45,0,1.0,55.0,0,2,1.0,1,1,100.0,25,2026-05-28,2026-05-28,25.0,25.0,30,2026-05-28 05:00:00.000000,40286,2026-05-28 22:00:00.000000,808e6749-c732-4c0b-837b-91c7366fc671,AT_RISK,COUNT,"{""version"":2,""scheduleType"":""DAILY"",""timezone"":""Asia/Calcutta"",""weekStartsOn"":""MONDAY"",""weekOfMonthModel"":""DAY_BUCKETS"",""requirements"":{""minCheckins"":1,""maxCheckins"":2},""rules"":[],""exclusions"":[]}",GREATER_THAN,929c328f-0cc5-4a3b-96e0-0ca5fd5286b9,80.0
True,,50.0,45,0,1.0,55.0,0,2,1.0,1,1,100.0,25,2026-05-29,2026-05-29,25.0,25.0,30,2026-05-29 05:00:00.000000,40287,2026-05-29 22:00:00.000000,808e6749-c732-4c0b-837b-91c7366fc671,AT_RISK,COUNT,"{""version"":2,""scheduleType"":""DAILY"",""timezone"":""Asia/Calcutta"",""weekStartsOn"":""MONDAY"",""weekOfMonthModel"":""DAY_BUCKETS"",""requirements"":{""minCheckins"":1,""maxCheckins"":2},""rules"":[],""exclusions"":[]}",GREATER_THAN,75ebcce8-8c4e-4673-9053-70facf6dd675,80.0
True,,0.0,45,0,0.0,0.0,0,2,1.0,1,1,0.0,25,2026-05-30,2026-05-30,0.0,0.0,30,2026-05-30 05:00:00.000000,40288,2026-05-30 22:00:00.000000,808e6749-c732-4c0b-837b-91c7366fc671,CRITICAL,COUNT,"{""version"":2,""scheduleType"":""DAILY"",""timezone"":""Asia/Calcutta"",""weekStartsOn"":""MONDAY"",""weekOfMonthModel"":""DAY_BUCKETS"",""requirements"":{""minCheckins"":1,""maxCheckins"":2},""rules"":[],""exclusions"":[]}",GREATER_THAN,586854f8-89ee-4182-aaee-3b8408a24531,80.0
True,,50.0,45,0,1.0,55.0,0,2,1.0,1,1,100.0,25,2026-05-31,2026-05-31,25.0,25.0,30,2026-05-31 05:00:00.000000,40289,2026-05-31 22:00:00.000000,808e6749-c732-4c0b-837b-91c7366fc671,AT_RISK,COUNT,"{""version"":2,""scheduleType"":""DAILY"",""timezone"":""Asia/Calcutta"",""weekStartsOn"":""MONDAY"",""weekOfMonthModel"":""DAY_BUCKETS"",""requirements"":{""minCheckins"":1,""maxCheckins"":2},""rules"":[],""exclusions"":[]}",GREATER_THAN,f2c11973-156e-46f4-9e82-c1787d14f73a,80.0
True,,50.0,45,0,1.0,55.0,0,2,1.0,1,1,100.0,25,2026-06-01,2026-06-01,25.0,25.0,30,2026-06-01 05:00:00.000000,40290,2026-06-01 22:00:00.000000,808e6749-c732-4c0b-837b-91c7366fc671,AT_RISK,COUNT,"{""version"":2,""scheduleType"":""DAILY"",""timezone"":""Asia/Calcutta"",""weekStartsOn"":""MONDAY"",""weekOfMonthModel"":""DAY_BUCKETS"",""requirements"":{""minCheckins"":1,""maxCheckins"":2},""rules"":[],""exclusions"":[]}",GREATER_THAN,cfeb5ce4-de2b-4229-87e7-d2089ee6d431,80.0
True,,50.0,45,0,1.0,55.0,0,2,1.0,1,1,100.0,25,2026-06-02,2026-06-02,25.0,25.0,30,2026-06-02 05:00:00.000000,40291,2026-06-02 22:00:00.000000,808e6749-c732-4c0b-837b-91c7366fc671,AT_RISK,COUNT,"{""version"":2,""scheduleType"":""DAILY"",""timezone"":""Asia/Calcutta"",""weekStartsOn"":""MONDAY"",""weekOfMonthModel"":""DAY_BUCKETS"",""requirements"":{""minCheckins"":1,""maxCheckins"":2},""rules"":[],""exclusions"":[]}",GREATER_THAN,54cbd435-8386-4d7c-b5a5-d772ed7fe144,80.0
True,,50.0,45,0,1.0,55.0,0,2,1.0,1,1,100.0,25,2026-06-03,2026-06-03,25.0,25.0,30,2026-06-03 05:00:00.000000,40292,2026-06-03 22:00:00.000000,808e6749-c732-4c0b-837b-91c7366fc671,AT_RISK,COUNT,"{""version"":2,""scheduleType"":""DAILY"",""timezone"":""Asia/Calcutta"",""weekStartsOn"":""MONDAY"",""weekOfMonthModel"":""DAY_BUCKETS"",""requirements"":{""minCheckins"":1,""maxCheckins"":2},""rules"":[],""exclusions"":[]}",GREATER_THAN,0c3a798a-1869-49c5-a577-58e589c7ea0a,80.0
True,,0.0,45,0,0.0,0.0,0,2,1.0,1,1,0.0,25,2026-06-04,2026-06-04,0.0,0.0,30,2026-06-04 05:00:00.000000,40293,2026-06-04 22:00:00.000000,808e6749-c732-4c0b-837b-91c7366fc671,CRITICAL,COUNT,"{""version"":2,""scheduleType"":""DAILY"",""timezone"":""Asia/Calcutta"",""weekStartsOn"":""MONDAY"",""weekOfMonthModel"":""DAY_BUCKETS"",""requirements"":{""minCheckins"":1,""maxCheckins"":2},""rules"":[],""exclusions"":[]}",GREATER_THAN,7a19c408-0f7f-4977-9468-2b2625871a0d,80.0
True,,50.0,45,0,1.0,55.0,0,2,1.0,1,1,100.0,25,2026-06-05,2026-06-05,25.0,25.0,30,2026-06-05 05:00:00.000000,40294,2026-06-05 22:00:00.000000,808e6749-c732-4c0b-837b-91c7366fc671,AT_RISK,COUNT,"{""version"":2,""scheduleType"":""DAILY"",""timezone"":""Asia/Calcutta"",""weekStartsOn"":""MONDAY"",""weekOfMonthModel"":""DAY_BUCKETS"",""requirements"":{""minCheckins"":1,""maxCheckins"":2},""rules"":[],""exclusions"":[]}",GREATER_THAN,00b1b642-cb3e-432d-9aaa-730266e43287,80.0
True,,50.0,45,0,1.0,55.0,0,2,1.0,1,1,100.0,25,2026-06-06,2026-06-06,25.0,25.0,30,2026-06-06 05:00:00.000000,40295,2026-06-06 22:00:00.000000,808e6749-c732-4c0b-837b-91c7366fc671,AT_RISK,COUNT,"{""version"":2,""scheduleType"":""DAILY"",""timezone"":""Asia/Calcutta"",""weekStartsOn"":""MONDAY"",""weekOfMonthModel"":""DAY_BUCKETS"",""requirements"":{""minCheckins"":1,""maxCheckins"":2},""rules"":[],""exclusions"":[]}",GREATER_THAN,0dc3b54f-b8e3-4257-aa82-4b1ef7c131f3,80.0
True,,50.0,45,0,1.0,55.0,0,2,1.0,1,1,100.0,25,2026-06-07,2026-06-07,25.0,25.0,30,2026-06-07 05:00:00.000000,40296,2026-06-07 22:00:00.000000,808e6749-c732-4c0b-837b-91c7366fc671,AT_RISK,COUNT,"{""version"":2,""scheduleType"":""DAILY"",""timezone"":""Asia/Calcutta"",""weekStartsOn"":""MONDAY"",""weekOfMonthModel"":""DAY_BUCKETS"",""requirements"":{""minCheckins"":1,""maxCheckins"":2},""rules"":[],""exclusions"":[]}",GREATER_THAN,8e4e7293-1f8b-4b3f-80f4-b1258649e143,80.0
True,,0.0,45,0,0.0,0.0,0,2,1.0,1,1,0.0,25,2026-06-08,2026-06-08,0.0,0.0,30,2026-06-08 05:00:00.000000,40297,2026-06-08 22:00:00.000000,808e6749-c732-4c0b-837b-91c7366fc671,CRITICAL,COUNT,"{""version"":2,""scheduleType"":""DAILY"",""timezone"":""Asia/Calcutta"",""weekStartsOn"":""MONDAY"",""weekOfMonthModel"":""DAY_BUCKETS"",""requirements"":{""minCheckins"":1,""maxCheckins"":2},""rules"":[],""exclusions"":[]}",GREATER_THAN,b018a4c2-7d8b-43b4-adfd-1631387ef58c,80.0
True,,50.0,45,0,1.0,55.0,0,2,1.0,1,1,100.0,25,2026-06-09,2026-06-09,25.0,25.0,30,2026-06-09 05:00:00.000000,40298,2026-06-09 22:00:00.000000,808e6749-c732-4c0b-837b-91c7366fc671,AT_RISK,COUNT,"{""version"":2,""scheduleType"":""DAILY"",""timezone"":""Asia/Calcutta"",""weekStartsOn"":""MONDAY"",""weekOfMonthModel"":""DAY_BUCKETS"",""requirements"":{""minCheckins"":1,""maxCheckins"":2},""rules"":[],""exclusions"":[]}",GREATER_THAN,ede3d98a-3b2c-41fc-aa03-46029cc5f942,80.0
True,,50.0,45,0,1.0,55.0,0,2,1.0,1,1,100.0,25,2026-06-10,2026-06-10,25.0,25.0,30,2026-06-10 05:00:00.000000,40299,2026-06-10 22:00:00.000000,808e6749-c732-4c0b-837b-91c7366fc671,AT_RISK,COUNT,"{""version"":2,""scheduleType"":""DAILY"",""timezone"":""Asia/Calcutta"",""weekStartsOn"":""MONDAY"",""weekOfMonthModel"":""DAY_BUCKETS"",""requirements"":{""minCheckins"":1,""maxCheckins"":2},""rules"":[],""exclusions"":[]}",GREATER_THAN,55157339-3a08-46f6-ab0b-6a405dd70bae,80.0
True,,50.0,45,0,1.0,55.0,0,2,1.0,1,1,100.0,25,2026-06-11,2026-06-11,25.0,25.0,30,2026-06-11 05:00:00.000000,40300,2026-06-11 22:00:00.000000,808e6749-c732-4c0b-837b-91c7366fc671,AT_RISK,COUNT,"{""version"":2,""scheduleType"":""DAILY"",""timezone"":""Asia/Calcutta"",""weekStartsOn"":""MONDAY"",""weekOfMonthModel"":""DAY_BUCKETS"",""requirements"":{""minCheckins"":1,""maxCheckins"":2},""rules"":[],""exclusions"":[]}",GREATER_THAN,a1b95f7c-0ede-4d89-865c-427b14358de3,80.0
True,,0.0,45,0,0.0,0.0,0,2,1.0,1,1,0.0,25,2026-06-12,2026-06-12,0.0,0.0,30,2026-06-12 05:00:00.000000,40301,2026-06-12 22:00:00.000000,808e6749-c732-4c0b-837b-91c7366fc671,CRITICAL,COUNT,"{""version"":2,""scheduleType"":""DAILY"",""timezone"":""Asia/Calcutta"",""weekStartsOn"":""MONDAY"",""weekOfMonthModel"":""DAY_BUCKETS"",""requirements"":{""minCheckins"":1,""maxCheckins"":2},""rules"":[],""exclusions"":[]}",GREATER_THAN,b790a106-e828-46a6-adc0-72aaff45a271,80.0
True,,50.0,45,0,1.0,55.0,0,2,1.0,1,1,100.0,25,2026-06-13,2026-06-13,25.0,25.0,30,2026-06-13 05:00:00.000000,40302,2026-06-13 22:00:00.000000,808e6749-c732-4c0b-837b-91c7366fc671,AT_RISK,COUNT,"{""version"":2,""scheduleType"":""DAILY"",""timezone"":""Asia/Calcutta"",""weekStartsOn"":""MONDAY"",""weekOfMonthModel"":""DAY_BUCKETS"",""requirements"":{""minCheckins"":1,""maxCheckins"":2},""rules"":[],""exclusions"":[]}",GREATER_THAN,b6ee79aa-39a6-4527-9318-1a7f3ba6c8c6,80.0
True,,50.0,45,0,1.0,55.0,0,2,1.0,1,1,100.0,25,2026-06-14,2026-06-14,25.0,25.0,30,2026-06-14 05:00:00.000000,40303,2026-06-14 22:00:00.000000,808e6749-c732-4c0b-837b-91c7366fc671,AT_RISK,COUNT,"{""version"":2,""scheduleType"":""DAILY"",""timezone"":""Asia/Calcutta"",""weekStartsOn"":""MONDAY"",""weekOfMonthModel"":""DAY_BUCKETS"",""requirements"":{""minCheckins"":1,""maxCheckins"":2},""rules"":[],""exclusions"":[]}",GREATER_THAN,ea5115e6-d1fe-48e1-9cf8-e44e736ad236,80.0
True,,50.0,45,0,1.0,55.0,0,2,1.0,1,1,100.0,25,2026-06-15,2026-06-15,25.0,25.0,30,2026-06-15 05:00:00.000000,40304,2026-06-15 22:00:00.000000,808e6749-c732-4c0b-837b-91c7366fc671,AT_RISK,COUNT,"{""version"":2,""scheduleType"":""DAILY"",""timezone"":""Asia/Calcutta"",""weekStartsOn"":""MONDAY"",""weekOfMonthModel"":""DAY_BUCKETS"",""requirements"":{""minCheckins"":1,""maxCheckins"":2},""rules"":[],""exclusions"":[]}",GREATER_THAN,983dfcdd-766a-4820-acaf-1ee0a4316103,80.0
True,,0.0,45,0,0.0,0.0,0,2,1.0,1,1,0.0,25,2026-06-16,2026-06-16,0.0,0.0,30,2026-06-16 05:00:00.000000,40305,2026-06-16 22:00:00.000000,808e6749-c732-4c0b-837b-91c7366fc671,CRITICAL,COUNT,"{""version"":2,""scheduleType"":""DAILY"",""timezone"":""Asia/Calcutta"",""weekStartsOn"":""MONDAY"",""weekOfMonthModel"":""DAY_BUCKETS"",""requirements"":{""minCheckins"":1,""maxCheckins"":2},""rules"":[],""exclusions"":[]}",GREATER_THAN,d0a7269e-dde9-4996-a548-7e2e261ff418,80.0
True,,50.0,45,0,1.0,55.0,0,2,1.0,1,1,100.0,25,2026-06-17,2026-06-17,25.0,25.0,30,2026-06-17 05:00:00.000000,40306,2026-06-17 22:00:00.000000,808e6749-c732-4c0b-837b-91c7366fc671,AT_RISK,COUNT,"{""version"":2,""scheduleType"":""DAILY"",""timezone"":""Asia/Calcutta"",""weekStartsOn"":""MONDAY"",""weekOfMonthModel"":""DAY_BUCKETS"",""requirements"":{""minCheckins"":1,""maxCheckins"":2},""rules"":[],""exclusions"":[]}",GREATER_THAN,e00f0fc7-84a8-4fd3-a083-e00f2f8589a4,80.0
True,,50.0,45,0,1.0,55.0,0,2,1.0,1,1,100.0,25,2026-06-18,2026-06-18,25.0,25.0,30,2026-06-18 05:00:00.000000,40307,2026-06-18 22:00:00.000000,808e6749-c732-4c0b-837b-91c7366fc671,AT_RISK,COUNT,"{""version"":2,""scheduleType"":""DAILY"",""timezone"":""Asia/Calcutta"",""weekStartsOn"":""MONDAY"",""weekOfMonthModel"":""DAY_BUCKETS"",""requirements"":{""minCheckins"":1,""maxCheckins"":2},""rules"":[],""exclusions"":[]}",GREATER_THAN,78538ad4-e25b-48a8-ba93-4839dee71b1b,80.0
True,,50.0,45,0,1.0,55.0,0,2,1.0,1,1,100.0,25,2026-06-19,2026-06-19,25.0,25.0,30,2026-06-19 05:00:00.000000,40308,2026-06-19 22:00:00.000000,808e6749-c732-4c0b-837b-91c7366fc671,AT_RISK,COUNT,"{""version"":2,""scheduleType"":""DAILY"",""timezone"":""Asia/Calcutta"",""weekStartsOn"":""MONDAY"",""weekOfMonthModel"":""DAY_BUCKETS"",""requirements"":{""minCheckins"":1,""maxCheckins"":2},""rules"":[],""exclusions"":[]}",GREATER_THAN,d49751dc-9769-48af-b299-b2548a6a31f7,80.0
True,,0.0,45,0,0.0,0.0,0,2,1.0,1,1,0.0,25,2026-06-20,2026-06-20,0.0,0.0,30,2026-06-20 05:00:00.000000,40309,2026-06-20 22:00:00.000000,808e6749-c732-4c0b-837b-91c7366fc671,CRITICAL,COUNT,"{""version"":2,""scheduleType"":""DAILY"",""timezone"":""Asia/Calcutta"",""weekStartsOn"":""MONDAY"",""weekOfMonthModel"":""DAY_BUCKETS"",""requirements"":{""minCheckins"":1,""maxCheckins"":2},""rules"":[],""exclusions"":[]}",GREATER_THAN,53583dce-dfc7-48eb-8eba-25e583964ac5,80.0
True,,50.0,45,0,1.0,55.0,0,2,1.0,1,1,100.0,25,2026-06-21,2026-06-21,25.0,25.0,30,2026-06-21 05:00:00.000000,40310,2026-06-21 22:00:00.000000,808e6749-c732-4c0b-837b-91c7366fc671,AT_RISK,COUNT,"{""version"":2,""scheduleType"":""DAILY"",""timezone"":""Asia/Calcutta"",""weekStartsOn"":""MONDAY"",""weekOfMonthModel"":""DAY_BUCKETS"",""requirements"":{""minCheckins"":1,""maxCheckins"":2},""rules"":[],""exclusions"":[]}",GREATER_THAN,abb6628f-1bd7-421e-854f-8f391e84d5ee,80.0
True,,50.0,45,0,1.0,55.0,0,2,1.0,1,1,100.0,25,2026-06-22,2026-06-22,25.0,25.0,30,2026-06-22 05:00:00.000000,40311,2026-06-22 22:00:00.000000,808e6749-c732-4c0b-837b-91c7366fc671,AT_RISK,COUNT,"{""version"":2,""scheduleType"":""DAILY"",""timezone"":""Asia/Calcutta"",""weekStartsOn"":""MONDAY"",""weekOfMonthModel"":""DAY_BUCKETS"",""requirements"":{""minCheckins"":1,""maxCheckins"":2},""rules"":[],""exclusions"":[]}",GREATER_THAN,4baf68b5-b80f-4615-9bb9-fad1c98d0c60,80.0
True,,50.0,45,0,1.0,55.0,0,2,1.0,1,1,100.0,25,2026-06-23,2026-06-23,25.0,25.0,30,2026-06-23 05:00:00.000000,40312,2026-06-23 22:00:00.000000,808e6749-c732-4c0b-837b-91c7366fc671,AT_RISK,COUNT,"{""version"":2,""scheduleType"":""DAILY"",""timezone"":""Asia/Calcutta"",""weekStartsOn"":""MONDAY"",""weekOfMonthModel"":""DAY_BUCKETS"",""requirements"":{""minCheckins"":1,""maxCheckins"":2},""rules"":[],""exclusions"":[]}",GREATER_THAN,dfe22acb-d8e2-43e0-a38c-cdba54ae522c,80.0
True,,0.0,45,0,0.0,0.0,0,2,1.0,1,1,0.0,25,2026-06-24,2026-06-24,0.0,0.0,30,2026-06-24 05:00:00.000000,40313,2026-06-24 22:00:00.000000,808e6749-c732-4c0b-837b-91c7366fc671,CRITICAL,COUNT,"{""version"":2,""scheduleType"":""DAILY"",""timezone"":""Asia/Calcutta"",""weekStartsOn"":""MONDAY"",""weekOfMonthModel"":""DAY_BUCKETS"",""requirements"":{""minCheckins"":1,""maxCheckins"":2},""rules"":[],""exclusions"":[]}",GREATER_THAN,972466d6-094a-4091-a5e1-0c36a107befb,80.0
True,,50.0,45,0,1.0,55.0,0,2,1.0,1,1,100.0,25,2026-06-25,2026-06-25,25.0,25.0,30,2026-06-25 05:00:00.000000,40314,2026-06-25 22:00:00.000000,808e6749-c732-4c0b-837b-91c7366fc671,AT_RISK,COUNT,"{""version"":2,""scheduleType"":""DAILY"",""timezone"":""Asia/Calcutta"",""weekStartsOn"":""MONDAY"",""weekOfMonthModel"":""DAY_BUCKETS"",""requirements"":{""minCheckins"":1,""maxCheckins"":2},""rules"":[],""exclusions"":[]}",GREATER_THAN,bb21bdcd-7902-48b7-a322-b5cb1d103b0b,80.0
True,,50.0,45,0,1.0,55.0,0,2,1.0,1,1,100.0,25,2026-06-26,2026-06-26,25.0,25.0,30,2026-06-26 05:00:00.000000,40315,2026-06-26 22:00:00.000000,808e6749-c732-4c0b-837b-91c7366fc671,AT_RISK,COUNT,"{""version"":2,""scheduleType"":""DAILY"",""timezone"":""Asia/Calcutta"",""weekStartsOn"":""MONDAY"",""weekOfMonthModel"":""DAY_BUCKETS"",""requirements"":{""minCheckins"":1,""maxCheckins"":2},""rules"":[],""exclusions"":[]}",GREATER_THAN,3560f5df-2698-481f-8b3c-198d15ee0cc6,80.0
True,,0.0,45,0,0.0,0.0,0,2,1.0,1,1,0.0,25,2026-06-27,2026-06-27,0.0,0.0,30,2026-06-27 05:00:00.000000,40316,2026-06-27 22:00:00.000000,808e6749-c732-4c0b-837b-91c7366fc671,CRITICAL,COUNT,"{""version"":2,""scheduleType"":""DAILY"",""timezone"":""Asia/Calcutta"",""weekStartsOn"":""MONDAY"",""weekOfMonthModel"":""DAY_BUCKETS"",""requirements"":{""minCheckins"":1,""maxCheckins"":2},""rules"":[],""exclusions"":[]}",GREATER_THAN,593e50a8-98ea-49c6-a984-d0124d1c671c,80.0
True,,50.0,45,0,1.0,55.0,0,2,1.0,1,1,100.0,25,2026-06-28,2026-06-28,25.0,25.0,30,2026-06-28 05:00:00.000000,40317,2026-06-28 22:00:00.000000,808e6749-c732-4c0b-837b-91c7366fc671,AT_RISK,COUNT,"{""version"":2,""scheduleType"":""DAILY"",""timezone"":""Asia/Calcutta"",""weekStartsOn"":""MONDAY"",""weekOfMonthModel"":""DAY_BUCKETS"",""requirements"":{""minCheckins"":1,""maxCheckins"":2},""rules"":[],""exclusions"":[]}",GREATER_THAN,67ea85f7-eb37-4664-8cf0-6060c0225462,80.0
True,,0.0,45,0,0.0,0.0,0,2,1.0,1,1,0.0,25,2026-06-29,2026-06-29,0.0,0.0,30,2026-06-29 05:00:00.000000,40318,2026-06-29 22:00:00.000000,808e6749-c732-4c0b-837b-91c7366fc671,CRITICAL,COUNT,"{""version"":2,""scheduleType"":""DAILY"",""timezone"":""Asia/Calcutta"",""weekStartsOn"":""MONDAY"",""weekOfMonthModel"":""DAY_BUCKETS"",""requirements"":{""minCheckins"":1,""maxCheckins"":2},""rules"":[],""exclusions"":[]}",GREATER_THAN,bca125ef-b516-4d09-bc3f-b08c4c5355c9,80.0
True,,50.0,45,0,1.0,55.0,0,2,1.0,1,1,100.0,25,2026-06-30,2026-06-30,25.0,25.0,30,2026-06-30 05:00:00.000000,40319,2026-06-30 22:00:00.000000,808e6749-c732-4c0b-837b-91c7366fc671,AT_RISK,COUNT,"{""version"":2,""scheduleType"":""DAILY"",""timezone"":""Asia/Calcutta"",""weekStartsOn"":""MONDAY"",""weekOfMonthModel"":""DAY_BUCKETS"",""requirements"":{""minCheckins"":1,""maxCheckins"":2},""rules"":[],""exclusions"":[]}",GREATER_THAN,1c351204-19ee-40db-9483-654648a112d6,80.0
True,,60.0,40,0,3.0,62.12,0,4,0.4,2,1,100.0,25,2026-04-05,2026-04-01,37.5,37.5,35,2026-04-01 05:00:00.000000,40323,2026-04-05 22:00:00.000000,8cfd81f1-2aca-4eb6-8367-57fa343bceb3,ON_TRACK,COUNT,"{""version"":2,""scheduleType"":""WEEKLY"",""timezone"":""Asia/Calcutta"",""weekStartsOn"":""MONDAY"",""weekOfMonthModel"":""DAY_BUCKETS"",""requirements"":{""minCheckins"":2,""maxCheckins"":4},""rules"":[],""exclusions"":[]}",GREATER_THAN,43534bcc-c0bf-4b78-bb8b-094632b1ec1b,30.0
True,,42.86,40,0,3.0,50.87,0,4,0.29,2,1,82.42,25,2026-04-12,2026-04-06,37.5,37.5,35,2026-04-06 05:00:00.000000,40324,2026-04-12 22:00:00.000000,8cfd81f1-2aca-4eb6-8367-57fa343bceb3,AT_RISK,COUNT,"{""version"":2,""scheduleType"":""WEEKLY"",""timezone"":""Asia/Calcutta"",""weekStartsOn"":""MONDAY"",""weekOfMonthModel"":""DAY_BUCKETS"",""requirements"":{""minCheckins"":2,""maxCheckins"":4},""rules"":[],""exclusions"":[]}",GREATER_THAN,cbf2a6c5-7407-461b-a3b0-925605142618,30.0
True,,28.57,40,0,2.0,35.24,0,4,0.29,2,1,60.24,25,2026-04-19,2026-04-13,25.0,25.0,35,2026-04-13 05:00:00.000000,40325,2026-04-19 22:00:00.000000,8cfd81f1-2aca-4eb6-8367-57fa343bceb3,CRITICAL,COUNT,"{""version"":2,""scheduleType"":""WEEKLY"",""timezone"":""Asia/Calcutta"",""weekStartsOn"":""MONDAY"",""weekOfMonthModel"":""DAY_BUCKETS"",""requirements"":{""minCheckins"":2,""maxCheckins"":4},""rules"":[],""exclusions"":[]}",GREATER_THAN,d4589df5-0ebd-4425-8db6-1e33d2899909,30.0
True,,42.86,40,0,3.0,55.27,0,4,0.29,2,1,100.0,25,2026-04-26,2026-04-20,37.5,37.5,35,2026-04-20 05:00:00.000000,40326,2026-04-26 22:00:00.000000,8cfd81f1-2aca-4eb6-8367-57fa343bceb3,AT_RISK,COUNT,"{""version"":2,""scheduleType"":""WEEKLY"",""timezone"":""Asia/Calcutta"",""weekStartsOn"":""MONDAY"",""weekOfMonthModel"":""DAY_BUCKETS"",""requirements"":{""minCheckins"":2,""maxCheckins"":4},""rules"":[],""exclusions"":[]}",GREATER_THAN,6eb12289-a6d8-4057-bf88-b039052b585f,30.0
True,,42.86,40,0,3.0,55.27,0,4,0.29,2,1,100.0,25,2026-05-03,2026-04-27,37.5,37.5,35,2026-04-27 05:00:00.000000,40327,2026-05-03 22:00:00.000000,8cfd81f1-2aca-4eb6-8367-57fa343bceb3,AT_RISK,COUNT,"{""version"":2,""scheduleType"":""WEEKLY"",""timezone"":""Asia/Calcutta"",""weekStartsOn"":""MONDAY"",""weekOfMonthModel"":""DAY_BUCKETS"",""requirements"":{""minCheckins"":2,""maxCheckins"":4},""rules"":[],""exclusions"":[]}",GREATER_THAN,761bb598-821c-4df0-88f4-2dd0a1fb4658,30.0
True,,42.86,40,0,3.0,55.27,0,4,0.29,2,1,100.0,25,2026-05-10,2026-05-04,37.5,37.5,35,2026-05-04 05:00:00.000000,40328,2026-05-10 22:00:00.000000,8cfd81f1-2aca-4eb6-8367-57fa343bceb3,AT_RISK,COUNT,"{""version"":2,""scheduleType"":""WEEKLY"",""timezone"":""Asia/Calcutta"",""weekStartsOn"":""MONDAY"",""weekOfMonthModel"":""DAY_BUCKETS"",""requirements"":{""minCheckins"":2,""maxCheckins"":4},""rules"":[],""exclusions"":[]}",GREATER_THAN,0235ebc7-f93a-45f0-9253-6212853e88bc,30.0
True,,28.57,40,0,2.0,36.84,0,4,0.29,2,1,66.66,25,2026-05-17,2026-05-11,25.0,25.0,35,2026-05-11 05:00:00.000000,40329,2026-05-17 22:00:00.000000,8cfd81f1-2aca-4eb6-8367-57fa343bceb3,CRITICAL,COUNT,"{""version"":2,""scheduleType"":""WEEKLY"",""timezone"":""Asia/Calcutta"",""weekStartsOn"":""MONDAY"",""weekOfMonthModel"":""DAY_BUCKETS"",""requirements"":{""minCheckins"":2,""maxCheckins"":4},""rules"":[],""exclusions"":[]}",GREATER_THAN,48eeb8eb-9e8c-4409-9374-5453b9db303b,30.0
True,,42.86,40,0,3.0,55.27,0,4,0.29,2,1,100.0,25,2026-05-24,2026-05-18,37.5,37.5,35,2026-05-18 05:00:00.000000,40330,2026-05-24 22:00:00.000000,8cfd81f1-2aca-4eb6-8367-57fa343bceb3,AT_RISK,COUNT,"{""version"":2,""scheduleType"":""WEEKLY"",""timezone"":""Asia/Calcutta"",""weekStartsOn"":""MONDAY"",""weekOfMonthModel"":""DAY_BUCKETS"",""requirements"":{""minCheckins"":2,""maxCheckins"":4},""rules"":[],""exclusions"":[]}",GREATER_THAN,39130df0-9fe7-47bc-8138-4b2ae9b02f0c,30.0
True,,42.86,40,0,3.0,55.27,0,4,0.29,2,1,100.0,25,2026-05-31,2026-05-25,37.5,37.5,35,2026-05-25 05:00:00.000000,40331,2026-05-31 22:00:00.000000,8cfd81f1-2aca-4eb6-8367-57fa343bceb3,AT_RISK,COUNT,"{""version"":2,""scheduleType"":""WEEKLY"",""timezone"":""Asia/Calcutta"",""weekStartsOn"":""MONDAY"",""weekOfMonthModel"":""DAY_BUCKETS"",""requirements"":{""minCheckins"":2,""maxCheckins"":4},""rules"":[],""exclusions"":[]}",GREATER_THAN,b275b629-ce2e-43f4-9bc5-1ed42a3117e3,30.0
True,,42.86,40,0,3.0,55.27,0,4,0.29,2,1,100.0,25,2026-06-07,2026-06-01,37.5,37.5,35,2026-06-01 05:00:00.000000,40332,2026-06-07 22:00:00.000000,8cfd81f1-2aca-4eb6-8367-57fa343bceb3,AT_RISK,COUNT,"{""version"":2,""scheduleType"":""WEEKLY"",""timezone"":""Asia/Calcutta"",""weekStartsOn"":""MONDAY"",""weekOfMonthModel"":""DAY_BUCKETS"",""requirements"":{""minCheckins"":2,""maxCheckins"":4},""rules"":[],""exclusions"":[]}",GREATER_THAN,5336495a-b83e-49f7-9b7a-35ba3379d1e7,30.0
True,,42.86,40,0,3.0,55.27,0,4,0.29,2,1,100.0,25,2026-06-14,2026-06-08,37.5,37.5,35,2026-06-08 05:00:00.000000,40333,2026-06-14 22:00:00.000000,8cfd81f1-2aca-4eb6-8367-57fa343bceb3,AT_RISK,COUNT,"{""version"":2,""scheduleType"":""WEEKLY"",""timezone"":""Asia/Calcutta"",""weekStartsOn"":""MONDAY"",""weekOfMonthModel"":""DAY_BUCKETS"",""requirements"":{""minCheckins"":2,""maxCheckins"":4},""rules"":[],""exclusions"":[]}",GREATER_THAN,5a7e4ac5-5b80-4eb3-b035-f144dc98b3f9,30.0
True,,28.57,40,0,2.0,36.84,0,4,0.29,2,1,66.66,25,2026-06-21,2026-06-15,25.0,25.0,35,2026-06-15 05:00:00.000000,40334,2026-06-21 22:00:00.000000,8cfd81f1-2aca-4eb6-8367-57fa343bceb3,CRITICAL,COUNT,"{""version"":2,""scheduleType"":""WEEKLY"",""timezone"":""Asia/Calcutta"",""weekStartsOn"":""MONDAY"",""weekOfMonthModel"":""DAY_BUCKETS"",""requirements"":{""minCheckins"":2,""maxCheckins"":4},""rules"":[],""exclusions"":[]}",GREATER_THAN,b0cd35c8-dbee-4e1e-8c12-229f5a7ad8d5,30.0
True,,42.86,40,0,3.0,55.27,0,4,0.29,2,1,100.0,25,2026-06-28,2026-06-22,37.5,37.5,35,2026-06-22 05:00:00.000000,40335,2026-06-28 22:00:00.000000,8cfd81f1-2aca-4eb6-8367-57fa343bceb3,AT_RISK,COUNT,"{""version"":2,""scheduleType"":""WEEKLY"",""timezone"":""Asia/Calcutta"",""weekStartsOn"":""MONDAY"",""weekOfMonthModel"":""DAY_BUCKETS"",""requirements"":{""minCheckins"":2,""maxCheckins"":4},""rules"":[],""exclusions"":[]}",GREATER_THAN,94ef8849-b1f6-4f59-8244-60f29e18a160,30.0
True,,0.0,40,0,0.0,0.0,0,4,1.0,2,1,0.0,25,2026-06-30,2026-06-29,0.0,0.0,35,2026-06-29 05:00:00.000000,40336,2026-06-30 22:00:00.000000,8cfd81f1-2aca-4eb6-8367-57fa343bceb3,CRITICAL,COUNT,"{""version"":2,""scheduleType"":""WEEKLY"",""timezone"":""Asia/Calcutta"",""weekStartsOn"":""MONDAY"",""weekOfMonthModel"":""DAY_BUCKETS"",""requirements"":{""minCheckins"":2,""maxCheckins"":4},""rules"":[],""exclusions"":[]}",GREATER_THAN,a149c5a8-aca7-4628-9f0d-82c58e61ae14,30.0
True,,18.75,40,0,45.0,41.25,0,180,24.0,120,1,100.0,30,2026-04-05,2026-04-01,12.5,12.5,30,2026-04-01 05:00:00.000000,40124,2026-04-05 22:00:00.000000,97f8b254-2585-4275-9b8e-79465068627c,AT_RISK,DURATION,"{""version"":2,""scheduleType"":""WEEKLY"",""timezone"":""Asia/Calcutta"",""weekStartsOn"":""MONDAY"",""weekOfMonthModel"":""DAY_BUCKETS"",""requirements"":{""minCheckins"":2,""maxCheckins"":4},""rules"":[],""exclusions"":[]}",GREATER_THAN,fbf93b9d-aeac-4dbe-9146-b09c301f6c50,1500.0
True,,42.86,40,0,150.0,58.93,0,180,17.14,120,1,100.0,30,2026-04-12,2026-04-06,39.29,39.29,30,2026-04-06 05:00:00.000000,40125,2026-04-12 22:00:00.000000,97f8b254-2585-4275-9b8e-79465068627c,AT_RISK,DURATION,"{""version"":2,""scheduleType"":""WEEKLY"",""timezone"":""Asia/Calcutta"",""weekStartsOn"":""MONDAY"",""weekOfMonthModel"":""DAY_BUCKETS"",""requirements"":{""minCheckins"":2,""maxCheckins"":4},""rules"":[],""exclusions"":[]}",GREATER_THAN,9705fcab-0a86-40d3-b9c3-f56a391f4d08,1500.0
True,,28.57,40,0,90.0,47.27,0,180,17.14,120,1,94.48,30,2026-04-19,2026-04-13,25.0,25.0,30,2026-04-13 05:00:00.000000,40126,2026-04-19 22:00:00.000000,97f8b254-2585-4275-9b8e-79465068627c,AT_RISK,DURATION,"{""version"":2,""scheduleType"":""WEEKLY"",""timezone"":""Asia/Calcutta"",""weekStartsOn"":""MONDAY"",""weekOfMonthModel"":""DAY_BUCKETS"",""requirements"":{""minCheckins"":2,""maxCheckins"":4},""rules"":[],""exclusions"":[]}",GREATER_THAN,e4c12dd1-67b4-421a-9e06-4d1d68c867e2,1500.0
True,,28.57,40,0,90.0,42.61,0,180,17.14,120,1,78.94,30,2026-04-26,2026-04-20,25.0,25.0,30,2026-04-20 05:00:00.000000,40127,2026-04-26 22:00:00.000000,97f8b254-2585-4275-9b8e-79465068627c,AT_RISK,DURATION,"{""version"":2,""scheduleType"":""WEEKLY"",""timezone"":""Asia/Calcutta"",""weekStartsOn"":""MONDAY"",""weekOfMonthModel"":""DAY_BUCKETS"",""requirements"":{""minCheckins"":2,""maxCheckins"":4},""rules"":[],""exclusions"":[]}",GREATER_THAN,7e048502-e308-4d29-bc47-b2543952defb,1500.0
True,,28.57,40,0,90.0,48.93,0,180,17.14,120,1,100.0,30,2026-05-03,2026-04-27,25.0,25.0,30,2026-04-27 05:00:00.000000,40128,2026-05-03 22:00:00.000000,97f8b254-2585-4275-9b8e-79465068627c,AT_RISK,DURATION,"{""version"":2,""scheduleType"":""WEEKLY"",""timezone"":""Asia/Calcutta"",""weekStartsOn"":""MONDAY"",""weekOfMonthModel"":""DAY_BUCKETS"",""requirements"":{""minCheckins"":2,""maxCheckins"":4},""rules"":[],""exclusions"":[]}",GREATER_THAN,b91aa8fa-db0d-4420-be63-fb22c0dcf40c,1500.0
True,,28.57,40,0,90.0,48.93,0,180,17.14,120,1,100.0,30,2026-05-10,2026-05-04,25.0,25.0,30,2026-05-04 05:00:00.000000,40129,2026-05-10 22:00:00.000000,97f8b254-2585-4275-9b8e-79465068627c,AT_RISK,DURATION,"{""version"":2,""scheduleType"":""WEEKLY"",""timezone"":""Asia/Calcutta"",""weekStartsOn"":""MONDAY"",""weekOfMonthModel"":""DAY_BUCKETS"",""requirements"":{""minCheckins"":2,""maxCheckins"":4},""rules"":[],""exclusions"":[]}",GREATER_THAN,15a0a9e5-cc00-4ae5-8d45-9b3002c5ed89,1500.0
True,,28.57,40,0,90.0,48.93,0,180,17.14,120,1,100.0,30,2026-05-17,2026-05-11,25.0,25.0,30,2026-05-11 05:00:00.000000,40130,2026-05-17 22:00:00.000000,97f8b254-2585-4275-9b8e-79465068627c,AT_RISK,DURATION,"{""version"":2,""scheduleType"":""WEEKLY"",""timezone"":""Asia/Calcutta"",""weekStartsOn"":""MONDAY"",""weekOfMonthModel"":""DAY_BUCKETS"",""requirements"":{""minCheckins"":2,""maxCheckins"":4},""rules"":[],""exclusions"":[]}",GREATER_THAN,8d835789-3989-4380-b351-14fb73579fd6,1500.0
True,,42.86,40,0,150.0,58.93,0,180,17.14,120,1,100.0,30,2026-05-24,2026-05-18,39.29,39.29,30,2026-05-18 05:00:00.000000,40131,2026-05-24 22:00:00.000000,97f8b254-2585-4275-9b8e-79465068627c,AT_RISK,DURATION,"{""version"":2,""scheduleType"":""WEEKLY"",""timezone"":""Asia/Calcutta"",""weekStartsOn"":""MONDAY"",""weekOfMonthModel"":""DAY_BUCKETS"",""requirements"":{""minCheckins"":2,""maxCheckins"":4},""rules"":[],""exclusions"":[]}",GREATER_THAN,795d315a-765f-440f-a05d-2578d8d93255,1500.0
True,,28.57,40,0,90.0,42.61,0,180,17.14,120,1,78.94,30,2026-05-31,2026-05-25,25.0,25.0,30,2026-05-25 05:00:00.000000,40132,2026-05-31 22:00:00.000000,97f8b254-2585-4275-9b8e-79465068627c,AT_RISK,DURATION,"{""version"":2,""scheduleType"":""WEEKLY"",""timezone"":""Asia/Calcutta"",""weekStartsOn"":""MONDAY"",""weekOfMonthModel"":""DAY_BUCKETS"",""requirements"":{""minCheckins"":2,""maxCheckins"":4},""rules"":[],""exclusions"":[]}",GREATER_THAN,b203c815-f451-4dd5-b387-9997b2878727,1500.0
True,,28.57,40,0,90.0,42.61,0,180,17.14,120,1,78.94,30,2026-06-07,2026-06-01,25.0,25.0,30,2026-06-01 05:00:00.000000,40133,2026-06-07 22:00:00.000000,97f8b254-2585-4275-9b8e-79465068627c,AT_RISK,DURATION,"{""version"":2,""scheduleType"":""WEEKLY"",""timezone"":""Asia/Calcutta"",""weekStartsOn"":""MONDAY"",""weekOfMonthModel"":""DAY_BUCKETS"",""requirements"":{""minCheckins"":2,""maxCheckins"":4},""rules"":[],""exclusions"":[]}",GREATER_THAN,104f9de1-da84-4d1f-a972-d98e196eb8c6,1500.0
True,,28.57,40,0,90.0,48.93,0,180,17.14,120,1,100.0,30,2026-06-14,2026-06-08,25.0,25.0,30,2026-06-08 05:00:00.000000,40134,2026-06-14 22:00:00.000000,97f8b254-2585-4275-9b8e-79465068627c,AT_RISK,DURATION,"{""version"":2,""scheduleType"":""WEEKLY"",""timezone"":""Asia/Calcutta"",""weekStartsOn"":""MONDAY"",""weekOfMonthModel"":""DAY_BUCKETS"",""requirements"":{""minCheckins"":2,""maxCheckins"":4},""rules"":[],""exclusions"":[]}",GREATER_THAN,9a2d47a9-66ae-4a4e-9bbc-10996bf6ec0a,1500.0
True,,28.57,40,0,90.0,48.93,0,180,17.14,120,1,100.0,30,2026-06-21,2026-06-15,25.0,25.0,30,2026-06-15 05:00:00.000000,40135,2026-06-21 22:00:00.000000,97f8b254-2585-4275-9b8e-79465068627c,AT_RISK,DURATION,"{""version"":2,""scheduleType"":""WEEKLY"",""timezone"":""Asia/Calcutta"",""weekStartsOn"":""MONDAY"",""weekOfMonthModel"":""DAY_BUCKETS"",""requirements"":{""minCheckins"":2,""maxCheckins"":4},""rules"":[],""exclusions"":[]}",GREATER_THAN,46f68862-ef13-46a6-93c2-eb6420e258e9,1500.0
True,,42.86,40,0,150.0,58.93,0,180,17.14,120,1,100.0,30,2026-06-28,2026-06-22,39.29,39.29,30,2026-06-22 05:00:00.000000,40136,2026-06-28 22:00:00.000000,97f8b254-2585-4275-9b8e-79465068627c,AT_RISK,DURATION,"{""version"":2,""scheduleType"":""WEEKLY"",""timezone"":""Asia/Calcutta"",""weekStartsOn"":""MONDAY"",""weekOfMonthModel"":""DAY_BUCKETS"",""requirements"":{""minCheckins"":2,""maxCheckins"":4},""rules"":[],""exclusions"":[]}",GREATER_THAN,9f9cfeed-9868-473a-9530-990965fa2f98,1500.0
True,,18.75,40,0,45.0,25.07,0,180,60.0,120,1,46.05,30,2026-06-30,2026-06-29,12.5,12.5,30,2026-06-29 05:00:00.000000,40137,2026-06-30 22:00:00.000000,97f8b254-2585-4275-9b8e-79465068627c,CRITICAL,DURATION,"{""version"":2,""scheduleType"":""WEEKLY"",""timezone"":""Asia/Calcutta"",""weekStartsOn"":""MONDAY"",""weekOfMonthModel"":""DAY_BUCKETS"",""requirements"":{""minCheckins"":2,""maxCheckins"":4},""rules"":[],""exclusions"":[]}",GREATER_THAN,81558bd7-4d5d-493f-ba3c-e6f8a3dc13e4,1500.0
True,,50.0,50,0,15.0,57.5,0,25,15.0,15,1,100.0,25,2026-04-01,2026-04-01,30.0,30.0,25,2026-04-01 05:00:00.000000,40138,2026-04-01 22:00:00.000000,a0cee818-a77f-4054-92d9-9f9b18c8ae96,AT_RISK,DURATION,"{""version"":2,""scheduleType"":""DAILY"",""timezone"":""Asia/Calcutta"",""weekStartsOn"":""MONDAY"",""weekOfMonthModel"":""DAY_BUCKETS"",""requirements"":{""minCheckins"":1,""maxCheckins"":2},""rules"":[],""exclusions"":[]}",GREATER_THAN,4ffa4af5-9dde-42a7-b952-dab604dd8e7a,1200.0
True,,50.0,50,0,15.0,57.5,0,25,15.0,15,1,100.0,25,2026-04-02,2026-04-02,30.0,30.0,25,2026-04-02 05:00:00.000000,40139,2026-04-02 22:00:00.000000,a0cee818-a77f-4054-92d9-9f9b18c8ae96,AT_RISK,DURATION,"{""version"":2,""scheduleType"":""DAILY"",""timezone"":""Asia/Calcutta"",""weekStartsOn"":""MONDAY"",""weekOfMonthModel"":""DAY_BUCKETS"",""requirements"":{""minCheckins"":1,""maxCheckins"":2},""rules"":[],""exclusions"":[]}",GREATER_THAN,76f42dc5-6c04-4252-abba-102cced7e844,1200.0
True,,0.0,50,0,0.0,0.0,0,25,15.0,15,1,0.0,25,2026-04-03,2026-04-03,0.0,0.0,25,2026-04-03 05:00:00.000000,40140,2026-04-03 22:00:00.000000,a0cee818-a77f-4054-92d9-9f9b18c8ae96,CRITICAL,DURATION,"{""version"":2,""scheduleType"":""DAILY"",""timezone"":""Asia/Calcutta"",""weekStartsOn"":""MONDAY"",""weekOfMonthModel"":""DAY_BUCKETS"",""requirements"":{""minCheckins"":1,""maxCheckins"":2},""rules"":[],""exclusions"":[]}",GREATER_THAN,7d6e3bbf-efd9-44f1-8456-481f329c26a8,1200.0
True,,50.0,50,0,15.0,57.5,0,25,15.0,15,1,100.0,25,2026-04-04,2026-04-04,30.0,30.0,25,2026-04-04 05:00:00.000000,40141,2026-04-04 22:00:00.000000,a0cee818-a77f-4054-92d9-9f9b18c8ae96,AT_RISK,DURATION,"{""version"":2,""scheduleType"":""DAILY"",""timezone"":""Asia/Calcutta"",""weekStartsOn"":""MONDAY"",""weekOfMonthModel"":""DAY_BUCKETS"",""requirements"":{""minCheckins"":1,""maxCheckins"":2},""rules"":[],""exclusions"":[]}",GREATER_THAN,bb427ef3-6e4a-444b-b718-319098df987a,1200.0
True,,50.0,50,0,15.0,57.5,0,25,15.0,15,1,100.0,25,2026-04-05,2026-04-05,30.0,30.0,25,2026-04-05 05:00:00.000000,40142,2026-04-05 22:00:00.000000,a0cee818-a77f-4054-92d9-9f9b18c8ae96,AT_RISK,DURATION,"{""version"":2,""scheduleType"":""DAILY"",""timezone"":""Asia/Calcutta"",""weekStartsOn"":""MONDAY"",""weekOfMonthModel"":""DAY_BUCKETS"",""requirements"":{""minCheckins"":1,""maxCheckins"":2},""rules"":[],""exclusions"":[]}",GREATER_THAN,ad4f2e7f-9445-467b-ae48-9e94ba6a5211,1200.0
True,,50.0,50,0,15.0,57.5,0,25,15.0,15,1,100.0,25,2026-04-06,2026-04-06,30.0,30.0,25,2026-04-06 05:00:00.000000,40143,2026-04-06 22:00:00.000000,a0cee818-a77f-4054-92d9-9f9b18c8ae96,AT_RISK,DURATION,"{""version"":2,""scheduleType"":""DAILY"",""timezone"":""Asia/Calcutta"",""weekStartsOn"":""MONDAY"",""weekOfMonthModel"":""DAY_BUCKETS"",""requirements"":{""minCheckins"":1,""maxCheckins"":2},""rules"":[],""exclusions"":[]}",GREATER_THAN,156ec533-5a1b-430c-ad05-a833546ce483,1200.0
True,,50.0,50,0,15.0,57.5,0,25,15.0,15,1,100.0,25,2026-04-07,2026-04-07,30.0,30.0,25,2026-04-07 05:00:00.000000,40144,2026-04-07 22:00:00.000000,a0cee818-a77f-4054-92d9-9f9b18c8ae96,AT_RISK,DURATION,"{""version"":2,""scheduleType"":""DAILY"",""timezone"":""Asia/Calcutta"",""weekStartsOn"":""MONDAY"",""weekOfMonthModel"":""DAY_BUCKETS"",""requirements"":{""minCheckins"":1,""maxCheckins"":2},""rules"":[],""exclusions"":[]}",GREATER_THAN,616d04c4-2dfd-4533-a115-9109ae3aee46,1200.0
True,,50.0,50,0,15.0,57.5,0,25,15.0,15,1,100.0,25,2026-04-08,2026-04-08,30.0,30.0,25,2026-04-08 05:00:00.000000,40145,2026-04-08 22:00:00.000000,a0cee818-a77f-4054-92d9-9f9b18c8ae96,AT_RISK,DURATION,"{""version"":2,""scheduleType"":""DAILY"",""timezone"":""Asia/Calcutta"",""weekStartsOn"":""MONDAY"",""weekOfMonthModel"":""DAY_BUCKETS"",""requirements"":{""minCheckins"":1,""maxCheckins"":2},""rules"":[],""exclusions"":[]}",GREATER_THAN,4dd901b2-0343-4b28-adb0-3a55b2f6b015,1200.0
True,,50.0,50,0,15.0,57.5,0,25,15.0,15,1,100.0,25,2026-04-09,2026-04-09,30.0,30.0,25,2026-04-09 05:00:00.000000,40146,2026-04-09 22:00:00.000000,a0cee818-a77f-4054-92d9-9f9b18c8ae96,AT_RISK,DURATION,"{""version"":2,""scheduleType"":""DAILY"",""timezone"":""Asia/Calcutta"",""weekStartsOn"":""MONDAY"",""weekOfMonthModel"":""DAY_BUCKETS"",""requirements"":{""minCheckins"":1,""maxCheckins"":2},""rules"":[],""exclusions"":[]}",GREATER_THAN,a351d7f2-335e-4580-8638-869e5270750e,1200.0
True,,50.0,50,0,15.0,57.5,0,25,15.0,15,1,100.0,25,2026-04-10,2026-04-10,30.0,30.0,25,2026-04-10 05:00:00.000000,40147,2026-04-10 22:00:00.000000,a0cee818-a77f-4054-92d9-9f9b18c8ae96,AT_RISK,DURATION,"{""version"":2,""scheduleType"":""DAILY"",""timezone"":""Asia/Calcutta"",""weekStartsOn"":""MONDAY"",""weekOfMonthModel"":""DAY_BUCKETS"",""requirements"":{""minCheckins"":1,""maxCheckins"":2},""rules"":[],""exclusions"":[]}",GREATER_THAN,bb091a29-3b86-480a-9c28-d87c4c723904,1200.0
True,,0.0,50,0,0.0,0.0,0,25,15.0,15,1,0.0,25,2026-04-11,2026-04-11,0.0,0.0,25,2026-04-11 05:00:00.000000,40148,2026-04-11 22:00:00.000000,a0cee818-a77f-4054-92d9-9f9b18c8ae96,CRITICAL,DURATION,"{""version"":2,""scheduleType"":""DAILY"",""timezone"":""Asia/Calcutta"",""weekStartsOn"":""MONDAY"",""weekOfMonthModel"":""DAY_BUCKETS"",""requirements"":{""minCheckins"":1,""maxCheckins"":2},""rules"":[],""exclusions"":[]}",GREATER_THAN,af1cf4c2-9710-4df7-9d79-3229f89075e0,1200.0
True,,50.0,50,0,15.0,57.5,0,25,15.0,15,1,100.0,25,2026-04-12,2026-04-12,30.0,30.0,25,2026-04-12 05:00:00.000000,40149,2026-04-12 22:00:00.000000,a0cee818-a77f-4054-92d9-9f9b18c8ae96,AT_RISK,DURATION,"{""version"":2,""scheduleType"":""DAILY"",""timezone"":""Asia/Calcutta"",""weekStartsOn"":""MONDAY"",""weekOfMonthModel"":""DAY_BUCKETS"",""requirements"":{""minCheckins"":1,""maxCheckins"":2},""rules"":[],""exclusions"":[]}",GREATER_THAN,1a26fbf9-81ab-4552-bff2-b9e1a172150f,1200.0
True,,50.0,50,0,15.0,57.5,0,25,15.0,15,1,100.0,25,2026-04-13,2026-04-13,30.0,30.0,25,2026-04-13 05:00:00.000000,40150,2026-04-13 22:00:00.000000,a0cee818-a77f-4054-92d9-9f9b18c8ae96,AT_RISK,DURATION,"{""version"":2,""scheduleType"":""DAILY"",""timezone"":""Asia/Calcutta"",""weekStartsOn"":""MONDAY"",""weekOfMonthModel"":""DAY_BUCKETS"",""requirements"":{""minCheckins"":1,""maxCheckins"":2},""rules"":[],""exclusions"":[]}",GREATER_THAN,cd7ec416-afef-4659-a450-4c34a030d967,1200.0
True,,50.0,50,0,15.0,57.5,0,25,15.0,15,1,100.0,25,2026-04-14,2026-04-14,30.0,30.0,25,2026-04-14 05:00:00.000000,40151,2026-04-14 22:00:00.000000,a0cee818-a77f-4054-92d9-9f9b18c8ae96,AT_RISK,DURATION,"{""version"":2,""scheduleType"":""DAILY"",""timezone"":""Asia/Calcutta"",""weekStartsOn"":""MONDAY"",""weekOfMonthModel"":""DAY_BUCKETS"",""requirements"":{""minCheckins"":1,""maxCheckins"":2},""rules"":[],""exclusions"":[]}",GREATER_THAN,0a4fe994-0314-4aff-a2f2-8c06f4e2afaa,1200.0
True,,50.0,50,0,15.0,57.5,0,25,15.0,15,1,100.0,25,2026-04-15,2026-04-15,30.0,30.0,25,2026-04-15 05:00:00.000000,40152,2026-04-15 22:00:00.000000,a0cee818-a77f-4054-92d9-9f9b18c8ae96,AT_RISK,DURATION,"{""version"":2,""scheduleType"":""DAILY"",""timezone"":""Asia/Calcutta"",""weekStartsOn"":""MONDAY"",""weekOfMonthModel"":""DAY_BUCKETS"",""requirements"":{""minCheckins"":1,""maxCheckins"":2},""rules"":[],""exclusions"":[]}",GREATER_THAN,0a446cac-2016-42c6-9bb3-64aa217abca9,1200.0
True,,50.0,50,0,15.0,57.5,0,25,15.0,15,1,100.0,25,2026-04-16,2026-04-16,30.0,30.0,25,2026-04-16 05:00:00.000000,40153,2026-04-16 22:00:00.000000,a0cee818-a77f-4054-92d9-9f9b18c8ae96,AT_RISK,DURATION,"{""version"":2,""scheduleType"":""DAILY"",""timezone"":""Asia/Calcutta"",""weekStartsOn"":""MONDAY"",""weekOfMonthModel"":""DAY_BUCKETS"",""requirements"":{""minCheckins"":1,""maxCheckins"":2},""rules"":[],""exclusions"":[]}",GREATER_THAN,1f1eb488-6ec9-44b4-9a1c-c247b5c493be,1200.0
True,,50.0,50,0,15.0,57.5,0,25,15.0,15,1,100.0,25,2026-04-17,2026-04-17,30.0,30.0,25,2026-04-17 05:00:00.000000,40154,2026-04-17 22:00:00.000000,a0cee818-a77f-4054-92d9-9f9b18c8ae96,AT_RISK,DURATION,"{""version"":2,""scheduleType"":""DAILY"",""timezone"":""Asia/Calcutta"",""weekStartsOn"":""MONDAY"",""weekOfMonthModel"":""DAY_BUCKETS"",""requirements"":{""minCheckins"":1,""maxCheckins"":2},""rules"":[],""exclusions"":[]}",GREATER_THAN,d95dca71-b61e-4061-8793-1809333eceb6,1200.0
True,,50.0,50,0,15.0,57.5,0,25,15.0,15,1,100.0,25,2026-04-18,2026-04-18,30.0,30.0,25,2026-04-18 05:00:00.000000,40155,2026-04-18 22:00:00.000000,a0cee818-a77f-4054-92d9-9f9b18c8ae96,AT_RISK,DURATION,"{""version"":2,""scheduleType"":""DAILY"",""timezone"":""Asia/Calcutta"",""weekStartsOn"":""MONDAY"",""weekOfMonthModel"":""DAY_BUCKETS"",""requirements"":{""minCheckins"":1,""maxCheckins"":2},""rules"":[],""exclusions"":[]}",GREATER_THAN,8ab1d558-942c-4245-95c0-36306483769c,1200.0
True,,0.0,50,0,0.0,0.0,0,25,15.0,15,1,0.0,25,2026-04-19,2026-04-19,0.0,0.0,25,2026-04-19 05:00:00.000000,40156,2026-04-19 22:00:00.000000,a0cee818-a77f-4054-92d9-9f9b18c8ae96,CRITICAL,DURATION,"{""version"":2,""scheduleType"":""DAILY"",""timezone"":""Asia/Calcutta"",""weekStartsOn"":""MONDAY"",""weekOfMonthModel"":""DAY_BUCKETS"",""requirements"":{""minCheckins"":1,""maxCheckins"":2},""rules"":[],""exclusions"":[]}",GREATER_THAN,fcc96701-63a2-4271-bbec-75db9491df25,1200.0
True,,50.0,50,0,15.0,57.5,0,25,15.0,15,1,100.0,25,2026-04-20,2026-04-20,30.0,30.0,25,2026-04-20 05:00:00.000000,40157,2026-04-20 22:00:00.000000,a0cee818-a77f-4054-92d9-9f9b18c8ae96,AT_RISK,DURATION,"{""version"":2,""scheduleType"":""DAILY"",""timezone"":""Asia/Calcutta"",""weekStartsOn"":""MONDAY"",""weekOfMonthModel"":""DAY_BUCKETS"",""requirements"":{""minCheckins"":1,""maxCheckins"":2},""rules"":[],""exclusions"":[]}",GREATER_THAN,d104ba14-9b58-4eed-ad76-477b864d4e3e,1200.0
True,,50.0,50,0,15.0,57.5,0,25,15.0,15,1,100.0,25,2026-04-21,2026-04-21,30.0,30.0,25,2026-04-21 05:00:00.000000,40158,2026-04-21 22:00:00.000000,a0cee818-a77f-4054-92d9-9f9b18c8ae96,AT_RISK,DURATION,"{""version"":2,""scheduleType"":""DAILY"",""timezone"":""Asia/Calcutta"",""weekStartsOn"":""MONDAY"",""weekOfMonthModel"":""DAY_BUCKETS"",""requirements"":{""minCheckins"":1,""maxCheckins"":2},""rules"":[],""exclusions"":[]}",GREATER_THAN,e4f94a28-ddf9-48cb-9747-6e01e5ef7772,1200.0
True,,0.0,50,0,0.0,0.0,0,25,15.0,15,1,0.0,25,2026-04-22,2026-04-22,0.0,0.0,25,2026-04-22 05:00:00.000000,40159,2026-04-22 22:00:00.000000,a0cee818-a77f-4054-92d9-9f9b18c8ae96,CRITICAL,DURATION,"{""version"":2,""scheduleType"":""DAILY"",""timezone"":""Asia/Calcutta"",""weekStartsOn"":""MONDAY"",""weekOfMonthModel"":""DAY_BUCKETS"",""requirements"":{""minCheckins"":1,""maxCheckins"":2},""rules"":[],""exclusions"":[]}",GREATER_THAN,083c1eb8-2320-4c50-9e70-0f94de3c34e1,1200.0
True,,50.0,50,0,15.0,57.5,0,25,15.0,15,1,100.0,25,2026-04-23,2026-04-23,30.0,30.0,25,2026-04-23 05:00:00.000000,40160,2026-04-23 22:00:00.000000,a0cee818-a77f-4054-92d9-9f9b18c8ae96,AT_RISK,DURATION,"{""version"":2,""scheduleType"":""DAILY"",""timezone"":""Asia/Calcutta"",""weekStartsOn"":""MONDAY"",""weekOfMonthModel"":""DAY_BUCKETS"",""requirements"":{""minCheckins"":1,""maxCheckins"":2},""rules"":[],""exclusions"":[]}",GREATER_THAN,5507b662-4746-4147-a97e-8b8ce7194963,1200.0
True,,50.0,50,0,15.0,57.5,0,25,15.0,15,1,100.0,25,2026-04-24,2026-04-24,30.0,30.0,25,2026-04-24 05:00:00.000000,40161,2026-04-24 22:00:00.000000,a0cee818-a77f-4054-92d9-9f9b18c8ae96,AT_RISK,DURATION,"{""version"":2,""scheduleType"":""DAILY"",""timezone"":""Asia/Calcutta"",""weekStartsOn"":""MONDAY"",""weekOfMonthModel"":""DAY_BUCKETS"",""requirements"":{""minCheckins"":1,""maxCheckins"":2},""rules"":[],""exclusions"":[]}",GREATER_THAN,b2db7f3b-5042-45a7-91e5-44504274363d,1200.0
True,,50.0,50,0,15.0,57.5,0,25,15.0,15,1,100.0,25,2026-04-25,2026-04-25,30.0,30.0,25,2026-04-25 05:00:00.000000,40162,2026-04-25 22:00:00.000000,a0cee818-a77f-4054-92d9-9f9b18c8ae96,AT_RISK,DURATION,"{""version"":2,""scheduleType"":""DAILY"",""timezone"":""Asia/Calcutta"",""weekStartsOn"":""MONDAY"",""weekOfMonthModel"":""DAY_BUCKETS"",""requirements"":{""minCheckins"":1,""maxCheckins"":2},""rules"":[],""exclusions"":[]}",GREATER_THAN,f0ec6e49-0f51-4481-ab20-5b235fdb9376,1200.0
True,,50.0,50,0,15.0,57.5,0,25,15.0,15,1,100.0,25,2026-04-26,2026-04-26,30.0,30.0,25,2026-04-26 05:00:00.000000,40163,2026-04-26 22:00:00.000000,a0cee818-a77f-4054-92d9-9f9b18c8ae96,AT_RISK,DURATION,"{""version"":2,""scheduleType"":""DAILY"",""timezone"":""Asia/Calcutta"",""weekStartsOn"":""MONDAY"",""weekOfMonthModel"":""DAY_BUCKETS"",""requirements"":{""minCheckins"":1,""maxCheckins"":2},""rules"":[],""exclusions"":[]}",GREATER_THAN,82989f30-e78e-41ef-997e-c539a95d2896,1200.0
True,,0.0,50,0,0.0,0.0,0,25,15.0,15,1,0.0,25,2026-04-27,2026-04-27,0.0,0.0,25,2026-04-27 05:00:00.000000,40164,2026-04-27 22:00:00.000000,a0cee818-a77f-4054-92d9-9f9b18c8ae96,CRITICAL,DURATION,"{""version"":2,""scheduleType"":""DAILY"",""timezone"":""Asia/Calcutta"",""weekStartsOn"":""MONDAY"",""weekOfMonthModel"":""DAY_BUCKETS"",""requirements"":{""minCheckins"":1,""maxCheckins"":2},""rules"":[],""exclusions"":[]}",GREATER_THAN,8a051648-90ba-4f2c-807f-d717272f1607,1200.0
True,,50.0,50,0,15.0,57.5,0,25,15.0,15,1,100.0,25,2026-04-28,2026-04-28,30.0,30.0,25,2026-04-28 05:00:00.000000,40165,2026-04-28 22:00:00.000000,a0cee818-a77f-4054-92d9-9f9b18c8ae96,AT_RISK,DURATION,"{""version"":2,""scheduleType"":""DAILY"",""timezone"":""Asia/Calcutta"",""weekStartsOn"":""MONDAY"",""weekOfMonthModel"":""DAY_BUCKETS"",""requirements"":{""minCheckins"":1,""maxCheckins"":2},""rules"":[],""exclusions"":[]}",GREATER_THAN,3b6c4ab1-9985-44a3-ba52-f2b19361c355,1200.0
True,,50.0,50,0,15.0,57.5,0,25,15.0,15,1,100.0,25,2026-04-29,2026-04-29,30.0,30.0,25,2026-04-29 05:00:00.000000,40166,2026-04-29 22:00:00.000000,a0cee818-a77f-4054-92d9-9f9b18c8ae96,AT_RISK,DURATION,"{""version"":2,""scheduleType"":""DAILY"",""timezone"":""Asia/Calcutta"",""weekStartsOn"":""MONDAY"",""weekOfMonthModel"":""DAY_BUCKETS"",""requirements"":{""minCheckins"":1,""maxCheckins"":2},""rules"":[],""exclusions"":[]}",GREATER_THAN,224b8875-f7f8-47d5-9941-1d4bacfbe297,1200.0
True,,50.0,50,0,15.0,57.5,0,25,15.0,15,1,100.0,25,2026-04-30,2026-04-30,30.0,30.0,25,2026-04-30 05:00:00.000000,40167,2026-04-30 22:00:00.000000,a0cee818-a77f-4054-92d9-9f9b18c8ae96,AT_RISK,DURATION,"{""version"":2,""scheduleType"":""DAILY"",""timezone"":""Asia/Calcutta"",""weekStartsOn"":""MONDAY"",""weekOfMonthModel"":""DAY_BUCKETS"",""requirements"":{""minCheckins"":1,""maxCheckins"":2},""rules"":[],""exclusions"":[]}",GREATER_THAN,2f5e18e8-b33a-41fa-aa31-1b8428baa70b,1200.0
True,,50.0,50,0,15.0,57.5,0,25,15.0,15,1,100.0,25,2026-05-01,2026-05-01,30.0,30.0,25,2026-05-01 05:00:00.000000,40168,2026-05-01 22:00:00.000000,a0cee818-a77f-4054-92d9-9f9b18c8ae96,AT_RISK,DURATION,"{""version"":2,""scheduleType"":""DAILY"",""timezone"":""Asia/Calcutta"",""weekStartsOn"":""MONDAY"",""weekOfMonthModel"":""DAY_BUCKETS"",""requirements"":{""minCheckins"":1,""maxCheckins"":2},""rules"":[],""exclusions"":[]}",GREATER_THAN,d0670d4c-23a5-4cba-aaf9-4fe7304010c6,1200.0
True,,50.0,50,0,15.0,57.5,0,25,15.0,15,1,100.0,25,2026-05-02,2026-05-02,30.0,30.0,25,2026-05-02 05:00:00.000000,40169,2026-05-02 22:00:00.000000,a0cee818-a77f-4054-92d9-9f9b18c8ae96,AT_RISK,DURATION,"{""version"":2,""scheduleType"":""DAILY"",""timezone"":""Asia/Calcutta"",""weekStartsOn"":""MONDAY"",""weekOfMonthModel"":""DAY_BUCKETS"",""requirements"":{""minCheckins"":1,""maxCheckins"":2},""rules"":[],""exclusions"":[]}",GREATER_THAN,27ea7477-3603-4be4-aea3-de2a38d564f1,1200.0
True,,50.0,50,0,15.0,57.5,0,25,15.0,15,1,100.0,25,2026-05-03,2026-05-03,30.0,30.0,25,2026-05-03 05:00:00.000000,40170,2026-05-03 22:00:00.000000,a0cee818-a77f-4054-92d9-9f9b18c8ae96,AT_RISK,DURATION,"{""version"":2,""scheduleType"":""DAILY"",""timezone"":""Asia/Calcutta"",""weekStartsOn"":""MONDAY"",""weekOfMonthModel"":""DAY_BUCKETS"",""requirements"":{""minCheckins"":1,""maxCheckins"":2},""rules"":[],""exclusions"":[]}",GREATER_THAN,b304992c-e1f2-4392-a462-2b5f4f788ef6,1200.0
True,,50.0,50,0,15.0,57.5,0,25,15.0,15,1,100.0,25,2026-05-04,2026-05-04,30.0,30.0,25,2026-05-04 05:00:00.000000,40171,2026-05-04 22:00:00.000000,a0cee818-a77f-4054-92d9-9f9b18c8ae96,AT_RISK,DURATION,"{""version"":2,""scheduleType"":""DAILY"",""timezone"":""Asia/Calcutta"",""weekStartsOn"":""MONDAY"",""weekOfMonthModel"":""DAY_BUCKETS"",""requirements"":{""minCheckins"":1,""maxCheckins"":2},""rules"":[],""exclusions"":[]}",GREATER_THAN,e1934aa7-c285-4a76-9bf0-201e08361395,1200.0
True,,0.0,50,0,0.0,0.0,0,25,15.0,15,1,0.0,25,2026-05-05,2026-05-05,0.0,0.0,25,2026-05-05 05:00:00.000000,40172,2026-05-05 22:00:00.000000,a0cee818-a77f-4054-92d9-9f9b18c8ae96,CRITICAL,DURATION,"{""version"":2,""scheduleType"":""DAILY"",""timezone"":""Asia/Calcutta"",""weekStartsOn"":""MONDAY"",""weekOfMonthModel"":""DAY_BUCKETS"",""requirements"":{""minCheckins"":1,""maxCheckins"":2},""rules"":[],""exclusions"":[]}",GREATER_THAN,cb7439eb-d093-4c97-85df-4ce100551d94,1200.0
True,,50.0,50,0,15.0,57.5,0,25,15.0,15,1,100.0,25,2026-05-06,2026-05-06,30.0,30.0,25,2026-05-06 05:00:00.000000,40173,2026-05-06 22:00:00.000000,a0cee818-a77f-4054-92d9-9f9b18c8ae96,AT_RISK,DURATION,"{""version"":2,""scheduleType"":""DAILY"",""timezone"":""Asia/Calcutta"",""weekStartsOn"":""MONDAY"",""weekOfMonthModel"":""DAY_BUCKETS"",""requirements"":{""minCheckins"":1,""maxCheckins"":2},""rules"":[],""exclusions"":[]}",GREATER_THAN,6121898c-08a6-433f-96c0-58c01353005e,1200.0
True,,50.0,50,0,15.0,57.5,0,25,15.0,15,1,100.0,25,2026-05-07,2026-05-07,30.0,30.0,25,2026-05-07 05:00:00.000000,40174,2026-05-07 22:00:00.000000,a0cee818-a77f-4054-92d9-9f9b18c8ae96,AT_RISK,DURATION,"{""version"":2,""scheduleType"":""DAILY"",""timezone"":""Asia/Calcutta"",""weekStartsOn"":""MONDAY"",""weekOfMonthModel"":""DAY_BUCKETS"",""requirements"":{""minCheckins"":1,""maxCheckins"":2},""rules"":[],""exclusions"":[]}",GREATER_THAN,2092e42d-f0d5-4437-8a5d-b8fbed898c75,1200.0
True,,50.0,50,0,15.0,57.5,0,25,15.0,15,1,100.0,25,2026-05-08,2026-05-08,30.0,30.0,25,2026-05-08 05:00:00.000000,40175,2026-05-08 22:00:00.000000,a0cee818-a77f-4054-92d9-9f9b18c8ae96,AT_RISK,DURATION,"{""version"":2,""scheduleType"":""DAILY"",""timezone"":""Asia/Calcutta"",""weekStartsOn"":""MONDAY"",""weekOfMonthModel"":""DAY_BUCKETS"",""requirements"":{""minCheckins"":1,""maxCheckins"":2},""rules"":[],""exclusions"":[]}",GREATER_THAN,5182b991-088d-493f-b236-2286ef966f79,1200.0
True,,50.0,50,0,15.0,57.5,0,25,15.0,15,1,100.0,25,2026-05-09,2026-05-09,30.0,30.0,25,2026-05-09 05:00:00.000000,40176,2026-05-09 22:00:00.000000,a0cee818-a77f-4054-92d9-9f9b18c8ae96,AT_RISK,DURATION,"{""version"":2,""scheduleType"":""DAILY"",""timezone"":""Asia/Calcutta"",""weekStartsOn"":""MONDAY"",""weekOfMonthModel"":""DAY_BUCKETS"",""requirements"":{""minCheckins"":1,""maxCheckins"":2},""rules"":[],""exclusions"":[]}",GREATER_THAN,44fe3853-aa0e-4289-b648-c5d6ae46b2e4,1200.0
True,,50.0,50,0,15.0,57.5,0,25,15.0,15,1,100.0,25,2026-05-10,2026-05-10,30.0,30.0,25,2026-05-10 05:00:00.000000,40177,2026-05-10 22:00:00.000000,a0cee818-a77f-4054-92d9-9f9b18c8ae96,AT_RISK,DURATION,"{""version"":2,""scheduleType"":""DAILY"",""timezone"":""Asia/Calcutta"",""weekStartsOn"":""MONDAY"",""weekOfMonthModel"":""DAY_BUCKETS"",""requirements"":{""minCheckins"":1,""maxCheckins"":2},""rules"":[],""exclusions"":[]}",GREATER_THAN,f996ee6f-6261-45e5-8ff0-0154712533be,1200.0
True,,50.0,50,0,15.0,57.5,0,25,15.0,15,1,100.0,25,2026-05-11,2026-05-11,30.0,30.0,25,2026-05-11 05:00:00.000000,40178,2026-05-11 22:00:00.000000,a0cee818-a77f-4054-92d9-9f9b18c8ae96,AT_RISK,DURATION,"{""version"":2,""scheduleType"":""DAILY"",""timezone"":""Asia/Calcutta"",""weekStartsOn"":""MONDAY"",""weekOfMonthModel"":""DAY_BUCKETS"",""requirements"":{""minCheckins"":1,""maxCheckins"":2},""rules"":[],""exclusions"":[]}",GREATER_THAN,3246e1b6-f208-4df8-9487-2d5869a76332,1200.0
True,,50.0,50,0,15.0,57.5,0,25,15.0,15,1,100.0,25,2026-05-12,2026-05-12,30.0,30.0,25,2026-05-12 05:00:00.000000,40179,2026-05-12 22:00:00.000000,a0cee818-a77f-4054-92d9-9f9b18c8ae96,AT_RISK,DURATION,"{""version"":2,""scheduleType"":""DAILY"",""timezone"":""Asia/Calcutta"",""weekStartsOn"":""MONDAY"",""weekOfMonthModel"":""DAY_BUCKETS"",""requirements"":{""minCheckins"":1,""maxCheckins"":2},""rules"":[],""exclusions"":[]}",GREATER_THAN,fcf3fe7a-201a-4d74-8064-36fe839426f1,1200.0
True,,0.0,50,0,0.0,0.0,0,25,15.0,15,1,0.0,25,2026-05-13,2026-05-13,0.0,0.0,25,2026-05-13 05:00:00.000000,40180,2026-05-13 22:00:00.000000,a0cee818-a77f-4054-92d9-9f9b18c8ae96,CRITICAL,DURATION,"{""version"":2,""scheduleType"":""DAILY"",""timezone"":""Asia/Calcutta"",""weekStartsOn"":""MONDAY"",""weekOfMonthModel"":""DAY_BUCKETS"",""requirements"":{""minCheckins"":1,""maxCheckins"":2},""rules"":[],""exclusions"":[]}",GREATER_THAN,4d1f3ad7-87c4-42d2-ae18-da5bb4735b67,1200.0
True,,50.0,50,0,15.0,57.5,0,25,15.0,15,1,100.0,25,2026-05-14,2026-05-14,30.0,30.0,25,2026-05-14 05:00:00.000000,40181,2026-05-14 22:00:00.000000,a0cee818-a77f-4054-92d9-9f9b18c8ae96,AT_RISK,DURATION,"{""version"":2,""scheduleType"":""DAILY"",""timezone"":""Asia/Calcutta"",""weekStartsOn"":""MONDAY"",""weekOfMonthModel"":""DAY_BUCKETS"",""requirements"":{""minCheckins"":1,""maxCheckins"":2},""rules"":[],""exclusions"":[]}",GREATER_THAN,b223ec04-575b-4c5f-9556-e8581126918a,1200.0
True,,50.0,50,0,15.0,57.5,0,25,15.0,15,1,100.0,25,2026-05-15,2026-05-15,30.0,30.0,25,2026-05-15 05:00:00.000000,40182,2026-05-15 22:00:00.000000,a0cee818-a77f-4054-92d9-9f9b18c8ae96,AT_RISK,DURATION,"{""version"":2,""scheduleType"":""DAILY"",""timezone"":""Asia/Calcutta"",""weekStartsOn"":""MONDAY"",""weekOfMonthModel"":""DAY_BUCKETS"",""requirements"":{""minCheckins"":1,""maxCheckins"":2},""rules"":[],""exclusions"":[]}",GREATER_THAN,6ff7a7db-2f09-4082-8548-408932f943a9,1200.0
True,,50.0,50,0,15.0,57.5,0,25,15.0,15,1,100.0,25,2026-05-16,2026-05-16,30.0,30.0,25,2026-05-16 05:00:00.000000,40183,2026-05-16 22:00:00.000000,a0cee818-a77f-4054-92d9-9f9b18c8ae96,AT_RISK,DURATION,"{""version"":2,""scheduleType"":""DAILY"",""timezone"":""Asia/Calcutta"",""weekStartsOn"":""MONDAY"",""weekOfMonthModel"":""DAY_BUCKETS"",""requirements"":{""minCheckins"":1,""maxCheckins"":2},""rules"":[],""exclusions"":[]}",GREATER_THAN,dc2e3e7f-f5d9-4d65-911c-7feb3aabb9b0,1200.0
True,,50.0,50,0,15.0,57.5,0,25,15.0,15,1,100.0,25,2026-05-17,2026-05-17,30.0,30.0,25,2026-05-17 05:00:00.000000,40184,2026-05-17 22:00:00.000000,a0cee818-a77f-4054-92d9-9f9b18c8ae96,AT_RISK,DURATION,"{""version"":2,""scheduleType"":""DAILY"",""timezone"":""Asia/Calcutta"",""weekStartsOn"":""MONDAY"",""weekOfMonthModel"":""DAY_BUCKETS"",""requirements"":{""minCheckins"":1,""maxCheckins"":2},""rules"":[],""exclusions"":[]}",GREATER_THAN,ee58b32b-d0cf-4fce-934b-81333006d982,1200.0
True,,50.0,50,0,15.0,57.5,0,25,15.0,15,1,100.0,25,2026-05-18,2026-05-18,30.0,30.0,25,2026-05-18 05:00:00.000000,40185,2026-05-18 22:00:00.000000,a0cee818-a77f-4054-92d9-9f9b18c8ae96,AT_RISK,DURATION,"{""version"":2,""scheduleType"":""DAILY"",""timezone"":""Asia/Calcutta"",""weekStartsOn"":""MONDAY"",""weekOfMonthModel"":""DAY_BUCKETS"",""requirements"":{""minCheckins"":1,""maxCheckins"":2},""rules"":[],""exclusions"":[]}",GREATER_THAN,08c1db3e-1997-459d-8018-a5b998787f3a,1200.0
True,,50.0,50,0,15.0,57.5,0,25,15.0,15,1,100.0,25,2026-05-19,2026-05-19,30.0,30.0,25,2026-05-19 05:00:00.000000,40186,2026-05-19 22:00:00.000000,a0cee818-a77f-4054-92d9-9f9b18c8ae96,AT_RISK,DURATION,"{""version"":2,""scheduleType"":""DAILY"",""timezone"":""Asia/Calcutta"",""weekStartsOn"":""MONDAY"",""weekOfMonthModel"":""DAY_BUCKETS"",""requirements"":{""minCheckins"":1,""maxCheckins"":2},""rules"":[],""exclusions"":[]}",GREATER_THAN,59dd32c9-d80c-440c-9c09-0e565c9b3f3e,1200.0
True,,50.0,50,0,15.0,57.5,0,25,15.0,15,1,100.0,25,2026-05-20,2026-05-20,30.0,30.0,25,2026-05-20 05:00:00.000000,40187,2026-05-20 22:00:00.000000,a0cee818-a77f-4054-92d9-9f9b18c8ae96,AT_RISK,DURATION,"{""version"":2,""scheduleType"":""DAILY"",""timezone"":""Asia/Calcutta"",""weekStartsOn"":""MONDAY"",""weekOfMonthModel"":""DAY_BUCKETS"",""requirements"":{""minCheckins"":1,""maxCheckins"":2},""rules"":[],""exclusions"":[]}",GREATER_THAN,07659102-df6b-42f3-9770-d314742ec515,1200.0
True,,0.0,50,0,0.0,0.0,0,25,15.0,15,1,0.0,25,2026-05-21,2026-05-21,0.0,0.0,25,2026-05-21 05:00:00.000000,40188,2026-05-21 22:00:00.000000,a0cee818-a77f-4054-92d9-9f9b18c8ae96,CRITICAL,DURATION,"{""version"":2,""scheduleType"":""DAILY"",""timezone"":""Asia/Calcutta"",""weekStartsOn"":""MONDAY"",""weekOfMonthModel"":""DAY_BUCKETS"",""requirements"":{""minCheckins"":1,""maxCheckins"":2},""rules"":[],""exclusions"":[]}",GREATER_THAN,4adae107-7934-41c5-9820-76adadbda9d3,1200.0
True,,50.0,50,0,15.0,57.5,0,25,15.0,15,1,100.0,25,2026-05-22,2026-05-22,30.0,30.0,25,2026-05-22 05:00:00.000000,40189,2026-05-22 22:00:00.000000,a0cee818-a77f-4054-92d9-9f9b18c8ae96,AT_RISK,DURATION,"{""version"":2,""scheduleType"":""DAILY"",""timezone"":""Asia/Calcutta"",""weekStartsOn"":""MONDAY"",""weekOfMonthModel"":""DAY_BUCKETS"",""requirements"":{""minCheckins"":1,""maxCheckins"":2},""rules"":[],""exclusions"":[]}",GREATER_THAN,15a37f01-b45d-4ca2-ba91-dac43a94b060,1200.0
True,,50.0,50,0,15.0,57.5,0,25,15.0,15,1,100.0,25,2026-05-23,2026-05-23,30.0,30.0,25,2026-05-23 05:00:00.000000,40190,2026-05-23 22:00:00.000000,a0cee818-a77f-4054-92d9-9f9b18c8ae96,AT_RISK,DURATION,"{""version"":2,""scheduleType"":""DAILY"",""timezone"":""Asia/Calcutta"",""weekStartsOn"":""MONDAY"",""weekOfMonthModel"":""DAY_BUCKETS"",""requirements"":{""minCheckins"":1,""maxCheckins"":2},""rules"":[],""exclusions"":[]}",GREATER_THAN,4fdaa5fc-aac5-4cb8-813d-38340284ae8c,1200.0
True,,50.0,50,0,15.0,57.5,0,25,15.0,15,1,100.0,25,2026-05-24,2026-05-24,30.0,30.0,25,2026-05-24 05:00:00.000000,40191,2026-05-24 22:00:00.000000,a0cee818-a77f-4054-92d9-9f9b18c8ae96,AT_RISK,DURATION,"{""version"":2,""scheduleType"":""DAILY"",""timezone"":""Asia/Calcutta"",""weekStartsOn"":""MONDAY"",""weekOfMonthModel"":""DAY_BUCKETS"",""requirements"":{""minCheckins"":1,""maxCheckins"":2},""rules"":[],""exclusions"":[]}",GREATER_THAN,f43d32d3-dc8d-4acd-abce-37f12a086754,1200.0
True,,50.0,50,0,15.0,57.5,0,25,15.0,15,1,100.0,25,2026-05-25,2026-05-25,30.0,30.0,25,2026-05-25 05:00:00.000000,40192,2026-05-25 22:00:00.000000,a0cee818-a77f-4054-92d9-9f9b18c8ae96,AT_RISK,DURATION,"{""version"":2,""scheduleType"":""DAILY"",""timezone"":""Asia/Calcutta"",""weekStartsOn"":""MONDAY"",""weekOfMonthModel"":""DAY_BUCKETS"",""requirements"":{""minCheckins"":1,""maxCheckins"":2},""rules"":[],""exclusions"":[]}",GREATER_THAN,91ab7fdc-df01-4935-8df9-cb1ca66f3931,1200.0
True,,50.0,50,0,15.0,57.5,0,25,15.0,15,1,100.0,25,2026-05-26,2026-05-26,30.0,30.0,25,2026-05-26 05:00:00.000000,40193,2026-05-26 22:00:00.000000,a0cee818-a77f-4054-92d9-9f9b18c8ae96,AT_RISK,DURATION,"{""version"":2,""scheduleType"":""DAILY"",""timezone"":""Asia/Calcutta"",""weekStartsOn"":""MONDAY"",""weekOfMonthModel"":""DAY_BUCKETS"",""requirements"":{""minCheckins"":1,""maxCheckins"":2},""rules"":[],""exclusions"":[]}",GREATER_THAN,e51396fd-22b3-4057-b646-9cd6b60022cc,1200.0
True,,50.0,50,0,15.0,57.5,0,25,15.0,15,1,100.0,25,2026-05-27,2026-05-27,30.0,30.0,25,2026-05-27 05:00:00.000000,40194,2026-05-27 22:00:00.000000,a0cee818-a77f-4054-92d9-9f9b18c8ae96,AT_RISK,DURATION,"{""version"":2,""scheduleType"":""DAILY"",""timezone"":""Asia/Calcutta"",""weekStartsOn"":""MONDAY"",""weekOfMonthModel"":""DAY_BUCKETS"",""requirements"":{""minCheckins"":1,""maxCheckins"":2},""rules"":[],""exclusions"":[]}",GREATER_THAN,2aa7342c-18fa-4813-81d0-974c7f93181d,1200.0
True,,50.0,50,0,15.0,57.5,0,25,15.0,15,1,100.0,25,2026-05-28,2026-05-28,30.0,30.0,25,2026-05-28 05:00:00.000000,40195,2026-05-28 22:00:00.000000,a0cee818-a77f-4054-92d9-9f9b18c8ae96,AT_RISK,DURATION,"{""version"":2,""scheduleType"":""DAILY"",""timezone"":""Asia/Calcutta"",""weekStartsOn"":""MONDAY"",""weekOfMonthModel"":""DAY_BUCKETS"",""requirements"":{""minCheckins"":1,""maxCheckins"":2},""rules"":[],""exclusions"":[]}",GREATER_THAN,9cff5aa7-883d-44b2-973d-61b04fb784e8,1200.0
True,,0.0,50,0,0.0,0.0,0,25,15.0,15,1,0.0,25,2026-05-29,2026-05-29,0.0,0.0,25,2026-05-29 05:00:00.000000,40196,2026-05-29 22:00:00.000000,a0cee818-a77f-4054-92d9-9f9b18c8ae96,CRITICAL,DURATION,"{""version"":2,""scheduleType"":""DAILY"",""timezone"":""Asia/Calcutta"",""weekStartsOn"":""MONDAY"",""weekOfMonthModel"":""DAY_BUCKETS"",""requirements"":{""minCheckins"":1,""maxCheckins"":2},""rules"":[],""exclusions"":[]}",GREATER_THAN,7bfccf32-07b8-4732-9b4b-c7ef909374b6,1200.0
True,,50.0,50,0,15.0,57.5,0,25,15.0,15,1,100.0,25,2026-05-30,2026-05-30,30.0,30.0,25,2026-05-30 05:00:00.000000,40197,2026-05-30 22:00:00.000000,a0cee818-a77f-4054-92d9-9f9b18c8ae96,AT_RISK,DURATION,"{""version"":2,""scheduleType"":""DAILY"",""timezone"":""Asia/Calcutta"",""weekStartsOn"":""MONDAY"",""weekOfMonthModel"":""DAY_BUCKETS"",""requirements"":{""minCheckins"":1,""maxCheckins"":2},""rules"":[],""exclusions"":[]}",GREATER_THAN,08565630-2355-45ca-87ad-b6e3f4615848,1200.0
True,,50.0,50,0,15.0,57.5,0,25,15.0,15,1,100.0,25,2026-05-31,2026-05-31,30.0,30.0,25,2026-05-31 05:00:00.000000,40198,2026-05-31 22:00:00.000000,a0cee818-a77f-4054-92d9-9f9b18c8ae96,AT_RISK,DURATION,"{""version"":2,""scheduleType"":""DAILY"",""timezone"":""Asia/Calcutta"",""weekStartsOn"":""MONDAY"",""weekOfMonthModel"":""DAY_BUCKETS"",""requirements"":{""minCheckins"":1,""maxCheckins"":2},""rules"":[],""exclusions"":[]}",GREATER_THAN,958fa3a8-5967-41c7-bdcc-f5ea39470d7e,1200.0
True,,50.0,50,0,15.0,57.5,0,25,15.0,15,1,100.0,25,2026-06-01,2026-06-01,30.0,30.0,25,2026-06-01 05:00:00.000000,40199,2026-06-01 22:00:00.000000,a0cee818-a77f-4054-92d9-9f9b18c8ae96,AT_RISK,DURATION,"{""version"":2,""scheduleType"":""DAILY"",""timezone"":""Asia/Calcutta"",""weekStartsOn"":""MONDAY"",""weekOfMonthModel"":""DAY_BUCKETS"",""requirements"":{""minCheckins"":1,""maxCheckins"":2},""rules"":[],""exclusions"":[]}",GREATER_THAN,0160a2bc-0787-4847-a6cc-010e57d46693,1200.0
True,,0.0,50,0,0.0,0.0,0,25,15.0,15,1,0.0,25,2026-06-02,2026-06-02,0.0,0.0,25,2026-06-02 05:00:00.000000,40200,2026-06-02 22:00:00.000000,a0cee818-a77f-4054-92d9-9f9b18c8ae96,CRITICAL,DURATION,"{""version"":2,""scheduleType"":""DAILY"",""timezone"":""Asia/Calcutta"",""weekStartsOn"":""MONDAY"",""weekOfMonthModel"":""DAY_BUCKETS"",""requirements"":{""minCheckins"":1,""maxCheckins"":2},""rules"":[],""exclusions"":[]}",GREATER_THAN,580daf2c-a8a2-433e-a1c0-ae06bafcb779,1200.0
True,,50.0,50,0,15.0,57.5,0,25,15.0,15,1,100.0,25,2026-06-03,2026-06-03,30.0,30.0,25,2026-06-03 05:00:00.000000,40201,2026-06-03 22:00:00.000000,a0cee818-a77f-4054-92d9-9f9b18c8ae96,AT_RISK,DURATION,"{""version"":2,""scheduleType"":""DAILY"",""timezone"":""Asia/Calcutta"",""weekStartsOn"":""MONDAY"",""weekOfMonthModel"":""DAY_BUCKETS"",""requirements"":{""minCheckins"":1,""maxCheckins"":2},""rules"":[],""exclusions"":[]}",GREATER_THAN,d3ebf755-cd84-448b-971b-a8c310d323c3,1200.0
True,,50.0,50,0,15.0,57.5,0,25,15.0,15,1,100.0,25,2026-06-04,2026-06-04,30.0,30.0,25,2026-06-04 05:00:00.000000,40202,2026-06-04 22:00:00.000000,a0cee818-a77f-4054-92d9-9f9b18c8ae96,AT_RISK,DURATION,"{""version"":2,""scheduleType"":""DAILY"",""timezone"":""Asia/Calcutta"",""weekStartsOn"":""MONDAY"",""weekOfMonthModel"":""DAY_BUCKETS"",""requirements"":{""minCheckins"":1,""maxCheckins"":2},""rules"":[],""exclusions"":[]}",GREATER_THAN,57296942-871a-44ae-8a5f-c1bfe14b6111,1200.0
True,,50.0,50,0,15.0,57.5,0,25,15.0,15,1,100.0,25,2026-06-05,2026-06-05,30.0,30.0,25,2026-06-05 05:00:00.000000,40203,2026-06-05 22:00:00.000000,a0cee818-a77f-4054-92d9-9f9b18c8ae96,AT_RISK,DURATION,"{""version"":2,""scheduleType"":""DAILY"",""timezone"":""Asia/Calcutta"",""weekStartsOn"":""MONDAY"",""weekOfMonthModel"":""DAY_BUCKETS"",""requirements"":{""minCheckins"":1,""maxCheckins"":2},""rules"":[],""exclusions"":[]}",GREATER_THAN,217bd3af-426e-4fd2-9775-28422a8c8349,1200.0
True,,0.0,50,0,0.0,0.0,0,25,15.0,15,1,0.0,25,2026-06-06,2026-06-06,0.0,0.0,25,2026-06-06 05:00:00.000000,40204,2026-06-06 22:00:00.000000,a0cee818-a77f-4054-92d9-9f9b18c8ae96,CRITICAL,DURATION,"{""version"":2,""scheduleType"":""DAILY"",""timezone"":""Asia/Calcutta"",""weekStartsOn"":""MONDAY"",""weekOfMonthModel"":""DAY_BUCKETS"",""requirements"":{""minCheckins"":1,""maxCheckins"":2},""rules"":[],""exclusions"":[]}",GREATER_THAN,dc56b0d1-f8ff-429a-bd35-a826b91c78af,1200.0
True,,50.0,50,0,15.0,57.5,0,25,15.0,15,1,100.0,25,2026-06-07,2026-06-07,30.0,30.0,25,2026-06-07 05:00:00.000000,40205,2026-06-07 22:00:00.000000,a0cee818-a77f-4054-92d9-9f9b18c8ae96,AT_RISK,DURATION,"{""version"":2,""scheduleType"":""DAILY"",""timezone"":""Asia/Calcutta"",""weekStartsOn"":""MONDAY"",""weekOfMonthModel"":""DAY_BUCKETS"",""requirements"":{""minCheckins"":1,""maxCheckins"":2},""rules"":[],""exclusions"":[]}",GREATER_THAN,93deb861-5222-4387-a44a-627f2885bee3,1200.0
True,,50.0,50,0,15.0,57.5,0,25,15.0,15,1,100.0,25,2026-06-08,2026-06-08,30.0,30.0,25,2026-06-08 05:00:00.000000,40206,2026-06-08 22:00:00.000000,a0cee818-a77f-4054-92d9-9f9b18c8ae96,AT_RISK,DURATION,"{""version"":2,""scheduleType"":""DAILY"",""timezone"":""Asia/Calcutta"",""weekStartsOn"":""MONDAY"",""weekOfMonthModel"":""DAY_BUCKETS"",""requirements"":{""minCheckins"":1,""maxCheckins"":2},""rules"":[],""exclusions"":[]}",GREATER_THAN,edf2b550-7ce6-401b-bffc-fc707e73ed00,1200.0
True,,50.0,50,0,15.0,57.5,0,25,15.0,15,1,100.0,25,2026-06-09,2026-06-09,30.0,30.0,25,2026-06-09 05:00:00.000000,40207,2026-06-09 22:00:00.000000,a0cee818-a77f-4054-92d9-9f9b18c8ae96,AT_RISK,DURATION,"{""version"":2,""scheduleType"":""DAILY"",""timezone"":""Asia/Calcutta"",""weekStartsOn"":""MONDAY"",""weekOfMonthModel"":""DAY_BUCKETS"",""requirements"":{""minCheckins"":1,""maxCheckins"":2},""rules"":[],""exclusions"":[]}",GREATER_THAN,63fee020-9252-43cb-9fe2-e09099f90883,1200.0
True,,0.0,50,0,0.0,0.0,0,25,15.0,15,1,0.0,25,2026-06-10,2026-06-10,0.0,0.0,25,2026-06-10 05:00:00.000000,40208,2026-06-10 22:00:00.000000,a0cee818-a77f-4054-92d9-9f9b18c8ae96,CRITICAL,DURATION,"{""version"":2,""scheduleType"":""DAILY"",""timezone"":""Asia/Calcutta"",""weekStartsOn"":""MONDAY"",""weekOfMonthModel"":""DAY_BUCKETS"",""requirements"":{""minCheckins"":1,""maxCheckins"":2},""rules"":[],""exclusions"":[]}",GREATER_THAN,0e276d72-b989-45b8-8f19-1335606f36a0,1200.0
True,,50.0,50,0,15.0,57.5,0,25,15.0,15,1,100.0,25,2026-06-11,2026-06-11,30.0,30.0,25,2026-06-11 05:00:00.000000,40209,2026-06-11 22:00:00.000000,a0cee818-a77f-4054-92d9-9f9b18c8ae96,AT_RISK,DURATION,"{""version"":2,""scheduleType"":""DAILY"",""timezone"":""Asia/Calcutta"",""weekStartsOn"":""MONDAY"",""weekOfMonthModel"":""DAY_BUCKETS"",""requirements"":{""minCheckins"":1,""maxCheckins"":2},""rules"":[],""exclusions"":[]}",GREATER_THAN,561e69be-0fb6-4060-b6ee-94181cce9619,1200.0
True,,50.0,50,0,15.0,57.5,0,25,15.0,15,1,100.0,25,2026-06-12,2026-06-12,30.0,30.0,25,2026-06-12 05:00:00.000000,40210,2026-06-12 22:00:00.000000,a0cee818-a77f-4054-92d9-9f9b18c8ae96,AT_RISK,DURATION,"{""version"":2,""scheduleType"":""DAILY"",""timezone"":""Asia/Calcutta"",""weekStartsOn"":""MONDAY"",""weekOfMonthModel"":""DAY_BUCKETS"",""requirements"":{""minCheckins"":1,""maxCheckins"":2},""rules"":[],""exclusions"":[]}",GREATER_THAN,5f447ba0-5bfc-4653-9436-d4b871235e66,1200.0
True,,50.0,50,0,15.0,57.5,0,25,15.0,15,1,100.0,25,2026-06-13,2026-06-13,30.0,30.0,25,2026-06-13 05:00:00.000000,40211,2026-06-13 22:00:00.000000,a0cee818-a77f-4054-92d9-9f9b18c8ae96,AT_RISK,DURATION,"{""version"":2,""scheduleType"":""DAILY"",""timezone"":""Asia/Calcutta"",""weekStartsOn"":""MONDAY"",""weekOfMonthModel"":""DAY_BUCKETS"",""requirements"":{""minCheckins"":1,""maxCheckins"":2},""rules"":[],""exclusions"":[]}",GREATER_THAN,15f948fa-1d6a-4dff-a6d7-89ee8a5fda6a,1200.0
True,,0.0,50,0,0.0,0.0,0,25,15.0,15,1,0.0,25,2026-06-14,2026-06-14,0.0,0.0,25,2026-06-14 05:00:00.000000,40212,2026-06-14 22:00:00.000000,a0cee818-a77f-4054-92d9-9f9b18c8ae96,CRITICAL,DURATION,"{""version"":2,""scheduleType"":""DAILY"",""timezone"":""Asia/Calcutta"",""weekStartsOn"":""MONDAY"",""weekOfMonthModel"":""DAY_BUCKETS"",""requirements"":{""minCheckins"":1,""maxCheckins"":2},""rules"":[],""exclusions"":[]}",GREATER_THAN,523065b0-be5d-4951-bb97-79b91e0cde6b,1200.0
True,,50.0,50,0,15.0,57.5,0,25,15.0,15,1,100.0,25,2026-06-15,2026-06-15,30.0,30.0,25,2026-06-15 05:00:00.000000,40213,2026-06-15 22:00:00.000000,a0cee818-a77f-4054-92d9-9f9b18c8ae96,AT_RISK,DURATION,"{""version"":2,""scheduleType"":""DAILY"",""timezone"":""Asia/Calcutta"",""weekStartsOn"":""MONDAY"",""weekOfMonthModel"":""DAY_BUCKETS"",""requirements"":{""minCheckins"":1,""maxCheckins"":2},""rules"":[],""exclusions"":[]}",GREATER_THAN,d019dfef-c5c8-40c7-a62a-69819c1587f1,1200.0
True,,50.0,50,0,15.0,57.5,0,25,15.0,15,1,100.0,25,2026-06-16,2026-06-16,30.0,30.0,25,2026-06-16 05:00:00.000000,40214,2026-06-16 22:00:00.000000,a0cee818-a77f-4054-92d9-9f9b18c8ae96,AT_RISK,DURATION,"{""version"":2,""scheduleType"":""DAILY"",""timezone"":""Asia/Calcutta"",""weekStartsOn"":""MONDAY"",""weekOfMonthModel"":""DAY_BUCKETS"",""requirements"":{""minCheckins"":1,""maxCheckins"":2},""rules"":[],""exclusions"":[]}",GREATER_THAN,7868dc03-c03c-45d1-a965-1379c96b99ed,1200.0
True,,50.0,50,0,15.0,57.5,0,25,15.0,15,1,100.0,25,2026-06-17,2026-06-17,30.0,30.0,25,2026-06-17 05:00:00.000000,40215,2026-06-17 22:00:00.000000,a0cee818-a77f-4054-92d9-9f9b18c8ae96,AT_RISK,DURATION,"{""version"":2,""scheduleType"":""DAILY"",""timezone"":""Asia/Calcutta"",""weekStartsOn"":""MONDAY"",""weekOfMonthModel"":""DAY_BUCKETS"",""requirements"":{""minCheckins"":1,""maxCheckins"":2},""rules"":[],""exclusions"":[]}",GREATER_THAN,f788219f-576f-4a2d-8a37-94879790a0e0,1200.0
True,,0.0,50,0,0.0,0.0,0,25,15.0,15,1,0.0,25,2026-06-18,2026-06-18,0.0,0.0,25,2026-06-18 05:00:00.000000,40216,2026-06-18 22:00:00.000000,a0cee818-a77f-4054-92d9-9f9b18c8ae96,CRITICAL,DURATION,"{""version"":2,""scheduleType"":""DAILY"",""timezone"":""Asia/Calcutta"",""weekStartsOn"":""MONDAY"",""weekOfMonthModel"":""DAY_BUCKETS"",""requirements"":{""minCheckins"":1,""maxCheckins"":2},""rules"":[],""exclusions"":[]}",GREATER_THAN,78c037fa-a8ab-443c-a98e-0034721f53ad,1200.0
True,,50.0,50,0,15.0,57.5,0,25,15.0,15,1,100.0,25,2026-06-19,2026-06-19,30.0,30.0,25,2026-06-19 05:00:00.000000,40217,2026-06-19 22:00:00.000000,a0cee818-a77f-4054-92d9-9f9b18c8ae96,AT_RISK,DURATION,"{""version"":2,""scheduleType"":""DAILY"",""timezone"":""Asia/Calcutta"",""weekStartsOn"":""MONDAY"",""weekOfMonthModel"":""DAY_BUCKETS"",""requirements"":{""minCheckins"":1,""maxCheckins"":2},""rules"":[],""exclusions"":[]}",GREATER_THAN,f1d8a2d0-9d1e-44b0-a9e1-36fab30a4a1d,1200.0
True,,50.0,50,0,15.0,57.5,0,25,15.0,15,1,100.0,25,2026-06-20,2026-06-20,30.0,30.0,25,2026-06-20 05:00:00.000000,40218,2026-06-20 22:00:00.000000,a0cee818-a77f-4054-92d9-9f9b18c8ae96,AT_RISK,DURATION,"{""version"":2,""scheduleType"":""DAILY"",""timezone"":""Asia/Calcutta"",""weekStartsOn"":""MONDAY"",""weekOfMonthModel"":""DAY_BUCKETS"",""requirements"":{""minCheckins"":1,""maxCheckins"":2},""rules"":[],""exclusions"":[]}",GREATER_THAN,e8e8ab66-ef3b-44bb-a6c1-8cd3b0633804,1200.0
True,,50.0,50,0,15.0,57.5,0,25,15.0,15,1,100.0,25,2026-06-21,2026-06-21,30.0,30.0,25,2026-06-21 05:00:00.000000,40219,2026-06-21 22:00:00.000000,a0cee818-a77f-4054-92d9-9f9b18c8ae96,AT_RISK,DURATION,"{""version"":2,""scheduleType"":""DAILY"",""timezone"":""Asia/Calcutta"",""weekStartsOn"":""MONDAY"",""weekOfMonthModel"":""DAY_BUCKETS"",""requirements"":{""minCheckins"":1,""maxCheckins"":2},""rules"":[],""exclusions"":[]}",GREATER_THAN,477a3538-601d-45cf-9b6c-191ab7a686c7,1200.0
True,,0.0,50,0,0.0,0.0,0,25,15.0,15,1,0.0,25,2026-06-22,2026-06-22,0.0,0.0,25,2026-06-22 05:00:00.000000,40220,2026-06-22 22:00:00.000000,a0cee818-a77f-4054-92d9-9f9b18c8ae96,CRITICAL,DURATION,"{""version"":2,""scheduleType"":""DAILY"",""timezone"":""Asia/Calcutta"",""weekStartsOn"":""MONDAY"",""weekOfMonthModel"":""DAY_BUCKETS"",""requirements"":{""minCheckins"":1,""maxCheckins"":2},""rules"":[],""exclusions"":[]}",GREATER_THAN,7c333ce8-ecc3-4b26-98e8-0b1321772a11,1200.0
True,,50.0,50,0,15.0,57.5,0,25,15.0,15,1,100.0,25,2026-06-23,2026-06-23,30.0,30.0,25,2026-06-23 05:00:00.000000,40221,2026-06-23 22:00:00.000000,a0cee818-a77f-4054-92d9-9f9b18c8ae96,AT_RISK,DURATION,"{""version"":2,""scheduleType"":""DAILY"",""timezone"":""Asia/Calcutta"",""weekStartsOn"":""MONDAY"",""weekOfMonthModel"":""DAY_BUCKETS"",""requirements"":{""minCheckins"":1,""maxCheckins"":2},""rules"":[],""exclusions"":[]}",GREATER_THAN,34f30d03-c508-487b-8d45-7f1498b878e1,1200.0
True,,50.0,50,0,15.0,57.5,0,25,15.0,15,1,100.0,25,2026-06-24,2026-06-24,30.0,30.0,25,2026-06-24 05:00:00.000000,40222,2026-06-24 22:00:00.000000,a0cee818-a77f-4054-92d9-9f9b18c8ae96,AT_RISK,DURATION,"{""version"":2,""scheduleType"":""DAILY"",""timezone"":""Asia/Calcutta"",""weekStartsOn"":""MONDAY"",""weekOfMonthModel"":""DAY_BUCKETS"",""requirements"":{""minCheckins"":1,""maxCheckins"":2},""rules"":[],""exclusions"":[]}",GREATER_THAN,13b098a0-b527-4fb1-9e7a-57cdcaa6b6e3,1200.0
True,,50.0,50,0,15.0,57.5,0,25,15.0,15,1,100.0,25,2026-06-25,2026-06-25,30.0,30.0,25,2026-06-25 05:00:00.000000,40223,2026-06-25 22:00:00.000000,a0cee818-a77f-4054-92d9-9f9b18c8ae96,AT_RISK,DURATION,"{""version"":2,""scheduleType"":""DAILY"",""timezone"":""Asia/Calcutta"",""weekStartsOn"":""MONDAY"",""weekOfMonthModel"":""DAY_BUCKETS"",""requirements"":{""minCheckins"":1,""maxCheckins"":2},""rules"":[],""exclusions"":[]}",GREATER_THAN,9e10b566-9999-4461-aeee-5cb90889afd6,1200.0
True,,0.0,50,0,0.0,0.0,0,25,15.0,15,1,0.0,25,2026-06-26,2026-06-26,0.0,0.0,25,2026-06-26 05:00:00.000000,40224,2026-06-26 22:00:00.000000,a0cee818-a77f-4054-92d9-9f9b18c8ae96,CRITICAL,DURATION,"{""version"":2,""scheduleType"":""DAILY"",""timezone"":""Asia/Calcutta"",""weekStartsOn"":""MONDAY"",""weekOfMonthModel"":""DAY_BUCKETS"",""requirements"":{""minCheckins"":1,""maxCheckins"":2},""rules"":[],""exclusions"":[]}",GREATER_THAN,72b42d79-2af6-4cd4-b69a-27cc4705ef47,1200.0
True,,50.0,50,0,15.0,57.5,0,25,15.0,15,1,100.0,25,2026-06-27,2026-06-27,30.0,30.0,25,2026-06-27 05:00:00.000000,40225,2026-06-27 22:00:00.000000,a0cee818-a77f-4054-92d9-9f9b18c8ae96,AT_RISK,DURATION,"{""version"":2,""scheduleType"":""DAILY"",""timezone"":""Asia/Calcutta"",""weekStartsOn"":""MONDAY"",""weekOfMonthModel"":""DAY_BUCKETS"",""requirements"":{""minCheckins"":1,""maxCheckins"":2},""rules"":[],""exclusions"":[]}",GREATER_THAN,7df4a2a9-5c4d-4f00-bbfe-8865d7b8b95f,1200.0
True,,50.0,50,0,15.0,57.5,0,25,15.0,15,1,100.0,25,2026-06-28,2026-06-28,30.0,30.0,25,2026-06-28 05:00:00.000000,40226,2026-06-28 22:00:00.000000,a0cee818-a77f-4054-92d9-9f9b18c8ae96,AT_RISK,DURATION,"{""version"":2,""scheduleType"":""DAILY"",""timezone"":""Asia/Calcutta"",""weekStartsOn"":""MONDAY"",""weekOfMonthModel"":""DAY_BUCKETS"",""requirements"":{""minCheckins"":1,""maxCheckins"":2},""rules"":[],""exclusions"":[]}",GREATER_THAN,7687ba88-86be-4d5a-a46d-c8cfe3446cac,1200.0
True,,0.0,50,0,0.0,0.0,0,25,15.0,15,1,0.0,25,2026-06-29,2026-06-29,0.0,0.0,25,2026-06-29 05:00:00.000000,40227,2026-06-29 22:00:00.000000,a0cee818-a77f-4054-92d9-9f9b18c8ae96,CRITICAL,DURATION,"{""version"":2,""scheduleType"":""DAILY"",""timezone"":""Asia/Calcutta"",""weekStartsOn"":""MONDAY"",""weekOfMonthModel"":""DAY_BUCKETS"",""requirements"":{""minCheckins"":1,""maxCheckins"":2},""rules"":[],""exclusions"":[]}",GREATER_THAN,81f54b28-15f5-4926-a035-397bdcf7b1c3,1200.0
True,,50.0,50,0,15.0,57.5,0,25,15.0,15,1,100.0,25,2026-06-30,2026-06-30,30.0,30.0,25,2026-06-30 05:00:00.000000,40228,2026-06-30 22:00:00.000000,a0cee818-a77f-4054-92d9-9f9b18c8ae96,AT_RISK,DURATION,"{""version"":2,""scheduleType"":""DAILY"",""timezone"":""Asia/Calcutta"",""weekStartsOn"":""MONDAY"",""weekOfMonthModel"":""DAY_BUCKETS"",""requirements"":{""minCheckins"":1,""maxCheckins"":2},""rules"":[],""exclusions"":[]}",GREATER_THAN,c6452601-ca36-4953-9af0-e369685ce34b,1200.0
False,,100.0,30,1,1.0,100.0,1,1,1.0,1,0,100.0,20,2026-04-30,2026-04-01,100.0,100.0,50,2026-04-01 05:00:00.000000,40337,2026-04-30 22:00:00.000000,a5184b24-a3ef-41af-afdb-e6393a0b42b9,THRIVING,COUNT,"{""version"":2,""scheduleType"":""MONTHLY"",""timezone"":""Asia/Calcutta"",""weekStartsOn"":""MONDAY"",""weekOfMonthModel"":""DAY_BUCKETS"",""requirements"":{""minCheckins"":1,""maxCheckins"":1},""rules"":[{""scope"":""WEEK_OF_MONTH"",""values"":[2],""mode"":""STRICT"",""rules"":[{""scope"":""DAY_OF_WEEK"",""values"":[""SATURDAY""],""mode"":""STRICT""}]}],""exclusions"":[]}",GREATER_THAN,a727b0a1-1173-4132-bc4f-ccc90b16e9c4,3.0
False,,100.0,30,2,1.0,100.0,2,1,1.0,1,0,100.0,20,2026-05-31,2026-05-01,100.0,100.0,50,2026-05-01 05:00:00.000000,40338,2026-05-31 22:00:00.000000,a5184b24-a3ef-41af-afdb-e6393a0b42b9,THRIVING,COUNT,"{""version"":2,""scheduleType"":""MONTHLY"",""timezone"":""Asia/Calcutta"",""weekStartsOn"":""MONDAY"",""weekOfMonthModel"":""DAY_BUCKETS"",""requirements"":{""minCheckins"":1,""maxCheckins"":1},""rules"":[{""scope"":""WEEK_OF_MONTH"",""values"":[2],""mode"":""STRICT"",""rules"":[{""scope"":""DAY_OF_WEEK"",""values"":[""SATURDAY""],""mode"":""STRICT""}]}],""exclusions"":[]}",GREATER_THAN,81147310-7b04-4b13-aa77-237c96a2446a,3.0
False,,100.0,30,3,1.0,100.0,3,1,1.0,1,0,100.0,20,2026-06-30,2026-06-01,100.0,100.0,50,2026-06-01 05:00:00.000000,40339,2026-06-30 22:00:00.000000,a5184b24-a3ef-41af-afdb-e6393a0b42b9,THRIVING,COUNT,"{""version"":2,""scheduleType"":""MONTHLY"",""timezone"":""Asia/Calcutta"",""weekStartsOn"":""MONDAY"",""weekOfMonthModel"":""DAY_BUCKETS"",""requirements"":{""minCheckins"":1,""maxCheckins"":1},""rules"":[{""scope"":""WEEK_OF_MONTH"",""values"":[2],""mode"":""STRICT"",""rules"":[{""scope"":""DAY_OF_WEEK"",""values"":[""SATURDAY""],""mode"":""STRICT""}]}],""exclusions"":[]}",GREATER_THAN,ee44be8f-9b7a-4df8-b3da-5d1d6b28662c,3.0
False,,100.0,30,1,1.0,75.0,1,2,1.0,1,0,100.0,20,2026-04-30,2026-04-01,50.0,50.0,50,2026-04-01 05:00:00.000000,40106,2026-04-30 22:00:00.000000,cb046cb2-004b-434d-8955-098cfa6215f0,ON_TRACK,COUNT,"{""version"":2,""scheduleType"":""MONTHLY"",""timezone"":""Asia/Calcutta"",""weekStartsOn"":""MONDAY"",""weekOfMonthModel"":""DAY_BUCKETS"",""requirements"":{""minCheckins"":1,""maxCheckins"":2},""rules"":[{""scope"":""WEEK_OF_MONTH"",""values"":[2],""mode"":""STRICT"",""rules"":[{""scope"":""DAY_OF_WEEK"",""values"":[""SATURDAY""],""mode"":""STRICT""}]}],""exclusions"":[]}",GREATER_THAN,0593a616-edd5-45be-9665-d83c150c6a1c,4.0
False,,100.0,30,2,1.0,75.0,2,2,1.0,1,0,100.0,20,2026-05-31,2026-05-01,50.0,50.0,50,2026-05-01 05:00:00.000000,40107,2026-05-31 22:00:00.000000,cb046cb2-004b-434d-8955-098cfa6215f0,ON_TRACK,COUNT,"{""version"":2,""scheduleType"":""MONTHLY"",""timezone"":""Asia/Calcutta"",""weekStartsOn"":""MONDAY"",""weekOfMonthModel"":""DAY_BUCKETS"",""requirements"":{""minCheckins"":1,""maxCheckins"":2},""rules"":[{""scope"":""WEEK_OF_MONTH"",""values"":[2],""mode"":""STRICT"",""rules"":[{""scope"":""DAY_OF_WEEK"",""values"":[""SATURDAY""],""mode"":""STRICT""}]}],""exclusions"":[]}",GREATER_THAN,e814738e-6ad3-402e-98dd-f013cd47e184,4.0
False,,100.0,30,3,1.0,75.0,3,2,1.0,1,0,100.0,20,2026-06-30,2026-06-01,50.0,50.0,50,2026-06-01 05:00:00.000000,40108,2026-06-30 22:00:00.000000,cb046cb2-004b-434d-8955-098cfa6215f0,ON_TRACK,COUNT,"{""version"":2,""scheduleType"":""MONTHLY"",""timezone"":""Asia/Calcutta"",""weekStartsOn"":""MONDAY"",""weekOfMonthModel"":""DAY_BUCKETS"",""requirements"":{""minCheckins"":1,""maxCheckins"":2},""rules"":[{""scope"":""WEEK_OF_MONTH"",""values"":[2],""mode"":""STRICT"",""rules"":[{""scope"":""DAY_OF_WEEK"",""values"":[""SATURDAY""],""mode"":""STRICT""}]}],""exclusions"":[]}",GREATER_THAN,692f1fc1-75fd-4a01-adec-12f753b81494,4.0
False,,100.0,35,1,1.0,77.5,1,2,1.0,1,0,100.0,20,2026-04-30,2026-04-01,50.0,50.0,45,2026-04-01 05:00:00.000000,40320,2026-04-30 22:00:00.000000,d73f69dd-140b-43ea-8b80-3bbf844bb3d8,ON_TRACK,COUNT,"{""version"":2,""scheduleType"":""MONTHLY"",""timezone"":""Asia/Calcutta"",""weekStartsOn"":""MONDAY"",""weekOfMonthModel"":""DAY_BUCKETS"",""requirements"":{""minCheckins"":1,""maxCheckins"":2},""rules"":[{""scope"":""WEEK_OF_MONTH"",""values"":[1],""mode"":""STRICT"",""rules"":[{""scope"":""DAY_OF_WEEK"",""values"":[""SUNDAY""],""mode"":""STRICT""}]}],""exclusions"":[]}",GREATER_THAN,18821373-f38b-4d7f-8d28-baed3ab0e303,3.0
False,,100.0,35,2,1.0,77.5,2,2,1.0,1,0,100.0,20,2026-05-31,2026-05-01,50.0,50.0,45,2026-05-01 05:00:00.000000,40321,2026-05-31 22:00:00.000000,d73f69dd-140b-43ea-8b80-3bbf844bb3d8,ON_TRACK,COUNT,"{""version"":2,""scheduleType"":""MONTHLY"",""timezone"":""Asia/Calcutta"",""weekStartsOn"":""MONDAY"",""weekOfMonthModel"":""DAY_BUCKETS"",""requirements"":{""minCheckins"":1,""maxCheckins"":2},""rules"":[{""scope"":""WEEK_OF_MONTH"",""values"":[1],""mode"":""STRICT"",""rules"":[{""scope"":""DAY_OF_WEEK"",""values"":[""SUNDAY""],""mode"":""STRICT""}]}],""exclusions"":[]}",GREATER_THAN,cbae53c2-188a-46e0-ad6a-73ba270c141e,3.0
False,,100.0,35,3,1.0,77.5,3,2,1.0,1,0,100.0,20,2026-06-30,2026-06-01,50.0,50.0,45,2026-06-01 05:00:00.000000,40322,2026-06-30 22:00:00.000000,d73f69dd-140b-43ea-8b80-3bbf844bb3d8,ON_TRACK,COUNT,"{""version"":2,""scheduleType"":""MONTHLY"",""timezone"":""Asia/Calcutta"",""weekStartsOn"":""MONDAY"",""weekOfMonthModel"":""DAY_BUCKETS"",""requirements"":{""minCheckins"":1,""maxCheckins"":2},""rules"":[{""scope"":""WEEK_OF_MONTH"",""values"":[1],""mode"":""STRICT"",""rules"":[{""scope"":""DAY_OF_WEEK"",""values"":[""SUNDAY""],""mode"":""STRICT""}]}],""exclusions"":[]}",GREATER_THAN,af656178-facf-4f91-b8fe-102ec79d9d79,3.0
False,,100.0,30,1,3.0,100.0,1,3,1.0,3,0,100.0,20,2026-06-30,2026-04-01,100.0,100.0,50,2026-04-01 05:00:00.000000,40109,2026-06-30 22:00:00.000000,dab4c00f-e194-4fa2-9169-fba4d17bbb4b,THRIVING,COUNT,"{""version"":2,""scheduleType"":""QUARTERLY"",""timezone"":""Asia/Calcutta"",""weekStartsOn"":""MONDAY"",""weekOfMonthModel"":""DAY_BUCKETS"",""requirements"":{""minCheckins"":3,""maxCheckins"":3},""rules"":[{""scope"":""MONTH_OF_QUARTER"",""values"":[1,2,3],""mode"":""STRICT"",""rules"":[{""scope"":""DAY_OF_MONTH"",""values"":[""LAST""],""mode"":""STRICT""}]}],""exclusions"":[]}",GREATER_THAN,620e4be7-a7f5-48a7-bb49-78b297ae0c57,3.0
False,,100.0,40,1,2.0,88.33,1,3,1.0,2,1,100.0,25,2026-04-05,2026-04-01,66.67,66.67,35,2026-04-01 05:00:00.000000,40340,2026-04-05 22:00:00.000000,e24ce858-f139-40d0-9582-5559ac54eb76,THRIVING,COUNT,"{""version"":2,""scheduleType"":""WEEKLY"",""timezone"":""Asia/Calcutta"",""weekStartsOn"":""MONDAY"",""weekOfMonthModel"":""DAY_BUCKETS"",""requirements"":{""minCheckins"":2,""maxCheckins"":3},""rules"":[{""scope"":""DAY_OF_WEEK"",""values"":[""WEDNESDAY"",""SUNDAY""],""mode"":""STRICT""}],""exclusions"":[]}",GREATER_THAN,72a29b57-c1b7-455c-b961-5f6ab9f57582,24.0
False,,100.0,40,2,2.0,88.33,2,3,1.0,2,1,100.0,25,2026-04-12,2026-04-06,66.67,66.67,35,2026-04-06 05:00:00.000000,40341,2026-04-12 22:00:00.000000,e24ce858-f139-40d0-9582-5559ac54eb76,THRIVING,COUNT,"{""version"":2,""scheduleType"":""WEEKLY"",""timezone"":""Asia/Calcutta"",""weekStartsOn"":""MONDAY"",""weekOfMonthModel"":""DAY_BUCKETS"",""requirements"":{""minCheckins"":2,""maxCheckins"":3},""rules"":[{""scope"":""DAY_OF_WEEK"",""values"":[""WEDNESDAY"",""SUNDAY""],""mode"":""STRICT""}],""exclusions"":[]}",GREATER_THAN,b4cb3dca-0c1c-483f-b9cd-45abb0f78ed5,24.0
False,,100.0,40,3,2.0,88.33,3,3,1.0,2,1,100.0,25,2026-04-19,2026-04-13,66.67,66.67,35,2026-04-13 05:00:00.000000,40342,2026-04-19 22:00:00.000000,e24ce858-f139-40d0-9582-5559ac54eb76,THRIVING,COUNT,"{""version"":2,""scheduleType"":""WEEKLY"",""timezone"":""Asia/Calcutta"",""weekStartsOn"":""MONDAY"",""weekOfMonthModel"":""DAY_BUCKETS"",""requirements"":{""minCheckins"":2,""maxCheckins"":3},""rules"":[{""scope"":""DAY_OF_WEEK"",""values"":[""WEDNESDAY"",""SUNDAY""],""mode"":""STRICT""}],""exclusions"":[]}",GREATER_THAN,6543e45b-14c2-4071-8c27-353edb1b014d,24.0
False,,100.0,40,4,2.0,88.33,4,3,1.0,2,1,100.0,25,2026-04-26,2026-04-20,66.67,66.67,35,2026-04-20 05:00:00.000000,40343,2026-04-26 22:00:00.000000,e24ce858-f139-40d0-9582-5559ac54eb76,THRIVING,COUNT,"{""version"":2,""scheduleType"":""WEEKLY"",""timezone"":""Asia/Calcutta"",""weekStartsOn"":""MONDAY"",""weekOfMonthModel"":""DAY_BUCKETS"",""requirements"":{""minCheckins"":2,""maxCheckins"":3},""rules"":[{""scope"":""DAY_OF_WEEK"",""values"":[""WEDNESDAY"",""SUNDAY""],""mode"":""STRICT""}],""exclusions"":[]}",GREATER_THAN,b21e6601-a95d-4595-9f4b-7710a8f69c9d,24.0
False,,100.0,40,5,2.0,88.33,5,3,1.0,2,1,100.0,25,2026-05-03,2026-04-27,66.67,66.67,35,2026-04-27 05:00:00.000000,40344,2026-05-03 22:00:00.000000,e24ce858-f139-40d0-9582-5559ac54eb76,THRIVING,COUNT,"{""version"":2,""scheduleType"":""WEEKLY"",""timezone"":""Asia/Calcutta"",""weekStartsOn"":""MONDAY"",""weekOfMonthModel"":""DAY_BUCKETS"",""requirements"":{""minCheckins"":2,""maxCheckins"":3},""rules"":[{""scope"":""DAY_OF_WEEK"",""values"":[""WEDNESDAY"",""SUNDAY""],""mode"":""STRICT""}],""exclusions"":[]}",GREATER_THAN,bc2a43c9-a9aa-4a38-abf6-96a188a06350,24.0
False,,100.0,40,6,2.0,88.33,6,3,1.0,2,1,100.0,25,2026-05-10,2026-05-04,66.67,66.67,35,2026-05-04 05:00:00.000000,40345,2026-05-10 22:00:00.000000,e24ce858-f139-40d0-9582-5559ac54eb76,THRIVING,COUNT,"{""version"":2,""scheduleType"":""WEEKLY"",""timezone"":""Asia/Calcutta"",""weekStartsOn"":""MONDAY"",""weekOfMonthModel"":""DAY_BUCKETS"",""requirements"":{""minCheckins"":2,""maxCheckins"":3},""rules"":[{""scope"":""DAY_OF_WEEK"",""values"":[""WEDNESDAY"",""SUNDAY""],""mode"":""STRICT""}],""exclusions"":[]}",GREATER_THAN,7d0539a6-4528-456b-8664-6c2e518cbe80,24.0
False,,100.0,40,7,2.0,88.33,7,3,1.0,2,1,100.0,25,2026-05-17,2026-05-11,66.67,66.67,35,2026-05-11 05:00:00.000000,40346,2026-05-17 22:00:00.000000,e24ce858-f139-40d0-9582-5559ac54eb76,THRIVING,COUNT,"{""version"":2,""scheduleType"":""WEEKLY"",""timezone"":""Asia/Calcutta"",""weekStartsOn"":""MONDAY"",""weekOfMonthModel"":""DAY_BUCKETS"",""requirements"":{""minCheckins"":2,""maxCheckins"":3},""rules"":[{""scope"":""DAY_OF_WEEK"",""values"":[""WEDNESDAY"",""SUNDAY""],""mode"":""STRICT""}],""exclusions"":[]}",GREATER_THAN,7cb73cf8-7187-4db9-8c25-87cfd77bf554,24.0
False,,100.0,40,8,2.0,88.33,8,3,1.0,2,1,100.0,25,2026-05-24,2026-05-18,66.67,66.67,35,2026-05-18 05:00:00.000000,40347,2026-05-24 22:00:00.000000,e24ce858-f139-40d0-9582-5559ac54eb76,THRIVING,COUNT,"{""version"":2,""scheduleType"":""WEEKLY"",""timezone"":""Asia/Calcutta"",""weekStartsOn"":""MONDAY"",""weekOfMonthModel"":""DAY_BUCKETS"",""requirements"":{""minCheckins"":2,""maxCheckins"":3},""rules"":[{""scope"":""DAY_OF_WEEK"",""values"":[""WEDNESDAY"",""SUNDAY""],""mode"":""STRICT""}],""exclusions"":[]}",GREATER_THAN,e4238d7d-02d5-4a61-93b6-6c025c6c6e61,24.0
False,,50.0,40,8,1.0,44.17,8,3,1.0,2,1,50.0,25,2026-05-31,2026-05-25,33.33,33.33,35,2026-05-25 05:00:00.000000,40348,2026-05-31 22:00:00.000000,e24ce858-f139-40d0-9582-5559ac54eb76,AT_RISK,COUNT,"{""version"":2,""scheduleType"":""WEEKLY"",""timezone"":""Asia/Calcutta"",""weekStartsOn"":""MONDAY"",""weekOfMonthModel"":""DAY_BUCKETS"",""requirements"":{""minCheckins"":2,""maxCheckins"":3},""rules"":[{""scope"":""DAY_OF_WEEK"",""values"":[""WEDNESDAY"",""SUNDAY""],""mode"":""STRICT""}],""exclusions"":[]}",GREATER_THAN,fef05758-8447-4be0-a4df-beb9765fff7e,24.0
False,,100.0,40,9,2.0,88.33,9,3,1.0,2,1,100.0,25,2026-06-07,2026-06-01,66.67,66.67,35,2026-06-01 05:00:00.000000,40349,2026-06-07 22:00:00.000000,e24ce858-f139-40d0-9582-5559ac54eb76,THRIVING,COUNT,"{""version"":2,""scheduleType"":""WEEKLY"",""timezone"":""Asia/Calcutta"",""weekStartsOn"":""MONDAY"",""weekOfMonthModel"":""DAY_BUCKETS"",""requirements"":{""minCheckins"":2,""maxCheckins"":3},""rules"":[{""scope"":""DAY_OF_WEEK"",""values"":[""WEDNESDAY"",""SUNDAY""],""mode"":""STRICT""}],""exclusions"":[]}",GREATER_THAN,9f245fd8-c27b-42af-9f80-f8d72a8ee065,24.0
False,,100.0,40,10,2.0,88.33,10,3,1.0,2,1,100.0,25,2026-06-14,2026-06-08,66.67,66.67,35,2026-06-08 05:00:00.000000,40350,2026-06-14 22:00:00.000000,e24ce858-f139-40d0-9582-5559ac54eb76,THRIVING,COUNT,"{""version"":2,""scheduleType"":""WEEKLY"",""timezone"":""Asia/Calcutta"",""weekStartsOn"":""MONDAY"",""weekOfMonthModel"":""DAY_BUCKETS"",""requirements"":{""minCheckins"":2,""maxCheckins"":3},""rules"":[{""scope"":""DAY_OF_WEEK"",""values"":[""WEDNESDAY"",""SUNDAY""],""mode"":""STRICT""}],""exclusions"":[]}",GREATER_THAN,19bf0b6d-aaa8-4382-bcb9-b1d7c9f67616,24.0
False,,100.0,40,11,2.0,88.33,11,3,1.0,2,1,100.0,25,2026-06-21,2026-06-15,66.67,66.67,35,2026-06-15 05:00:00.000000,40351,2026-06-21 22:00:00.000000,e24ce858-f139-40d0-9582-5559ac54eb76,THRIVING,COUNT,"{""version"":2,""scheduleType"":""WEEKLY"",""timezone"":""Asia/Calcutta"",""weekStartsOn"":""MONDAY"",""weekOfMonthModel"":""DAY_BUCKETS"",""requirements"":{""minCheckins"":2,""maxCheckins"":3},""rules"":[{""scope"":""DAY_OF_WEEK"",""values"":[""WEDNESDAY"",""SUNDAY""],""mode"":""STRICT""}],""exclusions"":[]}",GREATER_THAN,14682e3f-7a6f-4d9e-8220-f9457b573baa,24.0
False,,100.0,40,12,2.0,88.33,12,3,1.0,2,1,100.0,25,2026-06-28,2026-06-22,66.67,66.67,35,2026-06-22 05:00:00.000000,40352,2026-06-28 22:00:00.000000,e24ce858-f139-40d0-9582-5559ac54eb76,THRIVING,COUNT,"{""version"":2,""scheduleType"":""WEEKLY"",""timezone"":""Asia/Calcutta"",""weekStartsOn"":""MONDAY"",""weekOfMonthModel"":""DAY_BUCKETS"",""requirements"":{""minCheckins"":2,""maxCheckins"":3},""rules"":[{""scope"":""DAY_OF_WEEK"",""values"":[""WEDNESDAY"",""SUNDAY""],""mode"":""STRICT""}],""exclusions"":[]}",GREATER_THAN,73b0858f-103d-4e49-8c84-d26a1db2c40a,24.0
False,,0.0,40,0,0.0,0.0,12,3,2.0,2,1,0.0,25,2026-06-30,2026-06-29,0.0,0.0,35,2026-06-29 05:00:00.000000,40353,2026-06-30 22:00:00.000000,e24ce858-f139-40d0-9582-5559ac54eb76,CRITICAL,COUNT,"{""version"":2,""scheduleType"":""WEEKLY"",""timezone"":""Asia/Calcutta"",""weekStartsOn"":""MONDAY"",""weekOfMonthModel"":""DAY_BUCKETS"",""requirements"":{""minCheckins"":2,""maxCheckins"":3},""rules"":[{""scope"":""DAY_OF_WEEK"",""values"":[""WEDNESDAY"",""SUNDAY""],""mode"":""STRICT""}],""exclusions"":[]}",GREATER_THAN,3be19f03-6392-4367-bff1-972b4df2c528,24.0
True,,50.0,45,0,1.0,51.25,0,2,1.0,1,0,100.0,20,2026-04-01,2026-04-01,25.0,25.0,35,2026-04-01 05:00:00.000000,40001,2026-04-01 22:00:00.000000,e9b133d2-594b-4a5a-a91a-b7098289090e,AT_RISK,COUNT,"{""version"":2,""scheduleType"":""DAILY"",""timezone"":""Asia/Calcutta"",""weekStartsOn"":""MONDAY"",""weekOfMonthModel"":""DAY_BUCKETS"",""requirements"":{""minCheckins"":1,""maxCheckins"":2},""rules"":[],""exclusions"":[]}",GREATER_THAN,00a6b60c-82a7-42f4-8cc9-64fe056bc679,80.0
True,,50.0,45,0,1.0,51.25,0,2,1.0,1,0,100.0,20,2026-04-02,2026-04-02,25.0,25.0,35,2026-04-02 05:00:00.000000,40002,2026-04-02 22:00:00.000000,e9b133d2-594b-4a5a-a91a-b7098289090e,AT_RISK,COUNT,"{""version"":2,""scheduleType"":""DAILY"",""timezone"":""Asia/Calcutta"",""weekStartsOn"":""MONDAY"",""weekOfMonthModel"":""DAY_BUCKETS"",""requirements"":{""minCheckins"":1,""maxCheckins"":2},""rules"":[],""exclusions"":[]}",GREATER_THAN,8be7ade6-4bbd-487c-8c23-4d6c10b9f891,80.0
True,,50.0,45,0,1.0,51.25,0,2,1.0,1,0,100.0,20,2026-04-03,2026-04-03,25.0,25.0,35,2026-04-03 05:00:00.000000,40003,2026-04-03 22:00:00.000000,e9b133d2-594b-4a5a-a91a-b7098289090e,AT_RISK,COUNT,"{""version"":2,""scheduleType"":""DAILY"",""timezone"":""Asia/Calcutta"",""weekStartsOn"":""MONDAY"",""weekOfMonthModel"":""DAY_BUCKETS"",""requirements"":{""minCheckins"":1,""maxCheckins"":2},""rules"":[],""exclusions"":[]}",GREATER_THAN,98daca93-e390-4b84-b867-080fff3a3165,80.0
True,,0.0,45,0,0.0,0.0,0,2,1.0,1,0,0.0,20,2026-04-04,2026-04-04,0.0,0.0,35,2026-04-04 05:00:00.000000,40004,2026-04-04 22:00:00.000000,e9b133d2-594b-4a5a-a91a-b7098289090e,CRITICAL,COUNT,"{""version"":2,""scheduleType"":""DAILY"",""timezone"":""Asia/Calcutta"",""weekStartsOn"":""MONDAY"",""weekOfMonthModel"":""DAY_BUCKETS"",""requirements"":{""minCheckins"":1,""maxCheckins"":2},""rules"":[],""exclusions"":[]}",GREATER_THAN,879d8e8c-27b8-4e92-b212-4714264e884b,80.0
True,,0.0,45,0,0.0,0.0,0,2,1.0,1,0,0.0,20,2026-04-05,2026-04-05,0.0,0.0,35,2026-04-05 05:00:00.000000,40005,2026-04-05 22:00:00.000000,e9b133d2-594b-4a5a-a91a-b7098289090e,CRITICAL,COUNT,"{""version"":2,""scheduleType"":""DAILY"",""timezone"":""Asia/Calcutta"",""weekStartsOn"":""MONDAY"",""weekOfMonthModel"":""DAY_BUCKETS"",""requirements"":{""minCheckins"":1,""maxCheckins"":2},""rules"":[],""exclusions"":[]}",GREATER_THAN,82a2936a-86d9-4bd1-8bd5-9b9053e7c2ae,80.0
True,,50.0,45,0,1.0,51.25,0,2,1.0,1,0,100.0,20,2026-04-06,2026-04-06,25.0,25.0,35,2026-04-06 05:00:00.000000,40006,2026-04-06 22:00:00.000000,e9b133d2-594b-4a5a-a91a-b7098289090e,AT_RISK,COUNT,"{""version"":2,""scheduleType"":""DAILY"",""timezone"":""Asia/Calcutta"",""weekStartsOn"":""MONDAY"",""weekOfMonthModel"":""DAY_BUCKETS"",""requirements"":{""minCheckins"":1,""maxCheckins"":2},""rules"":[],""exclusions"":[]}",GREATER_THAN,c110a286-e9a9-4afa-bae7-bcce0e81b053,80.0
True,,50.0,45,0,1.0,51.25,0,2,1.0,1,0,100.0,20,2026-04-07,2026-04-07,25.0,25.0,35,2026-04-07 05:00:00.000000,40007,2026-04-07 22:00:00.000000,e9b133d2-594b-4a5a-a91a-b7098289090e,AT_RISK,COUNT,"{""version"":2,""scheduleType"":""DAILY"",""timezone"":""Asia/Calcutta"",""weekStartsOn"":""MONDAY"",""weekOfMonthModel"":""DAY_BUCKETS"",""requirements"":{""minCheckins"":1,""maxCheckins"":2},""rules"":[],""exclusions"":[]}",GREATER_THAN,4bff5e65-c692-44b9-803a-fbba33b41f96,80.0
True,,50.0,45,0,1.0,51.25,0,2,1.0,1,0,100.0,20,2026-04-08,2026-04-08,25.0,25.0,35,2026-04-08 05:00:00.000000,40008,2026-04-08 22:00:00.000000,e9b133d2-594b-4a5a-a91a-b7098289090e,AT_RISK,COUNT,"{""version"":2,""scheduleType"":""DAILY"",""timezone"":""Asia/Calcutta"",""weekStartsOn"":""MONDAY"",""weekOfMonthModel"":""DAY_BUCKETS"",""requirements"":{""minCheckins"":1,""maxCheckins"":2},""rules"":[],""exclusions"":[]}",GREATER_THAN,9d6aed29-3716-4db5-b22a-96137e179101,80.0
True,,50.0,45,0,1.0,51.25,0,2,1.0,1,0,100.0,20,2026-04-09,2026-04-09,25.0,25.0,35,2026-04-09 05:00:00.000000,40009,2026-04-09 22:00:00.000000,e9b133d2-594b-4a5a-a91a-b7098289090e,AT_RISK,COUNT,"{""version"":2,""scheduleType"":""DAILY"",""timezone"":""Asia/Calcutta"",""weekStartsOn"":""MONDAY"",""weekOfMonthModel"":""DAY_BUCKETS"",""requirements"":{""minCheckins"":1,""maxCheckins"":2},""rules"":[],""exclusions"":[]}",GREATER_THAN,f7f5bb7f-83c2-40fd-bcfb-1381fe7a0ebf,80.0
True,,50.0,45,0,1.0,51.25,0,2,1.0,1,0,100.0,20,2026-04-10,2026-04-10,25.0,25.0,35,2026-04-10 05:00:00.000000,40010,2026-04-10 22:00:00.000000,e9b133d2-594b-4a5a-a91a-b7098289090e,AT_RISK,COUNT,"{""version"":2,""scheduleType"":""DAILY"",""timezone"":""Asia/Calcutta"",""weekStartsOn"":""MONDAY"",""weekOfMonthModel"":""DAY_BUCKETS"",""requirements"":{""minCheckins"":1,""maxCheckins"":2},""rules"":[],""exclusions"":[]}",GREATER_THAN,383a0b3a-8aef-43df-80e4-1e7a74e6a11c,80.0
True,,0.0,45,0,0.0,0.0,0,2,1.0,1,0,0.0,20,2026-04-11,2026-04-11,0.0,0.0,35,2026-04-11 05:00:00.000000,40011,2026-04-11 22:00:00.000000,e9b133d2-594b-4a5a-a91a-b7098289090e,CRITICAL,COUNT,"{""version"":2,""scheduleType"":""DAILY"",""timezone"":""Asia/Calcutta"",""weekStartsOn"":""MONDAY"",""weekOfMonthModel"":""DAY_BUCKETS"",""requirements"":{""minCheckins"":1,""maxCheckins"":2},""rules"":[],""exclusions"":[]}",GREATER_THAN,1506b4f6-5bb2-437f-a303-fdd122fba3c7,80.0
True,,0.0,45,0,0.0,0.0,0,2,1.0,1,0,0.0,20,2026-04-12,2026-04-12,0.0,0.0,35,2026-04-12 05:00:00.000000,40012,2026-04-12 22:00:00.000000,e9b133d2-594b-4a5a-a91a-b7098289090e,CRITICAL,COUNT,"{""version"":2,""scheduleType"":""DAILY"",""timezone"":""Asia/Calcutta"",""weekStartsOn"":""MONDAY"",""weekOfMonthModel"":""DAY_BUCKETS"",""requirements"":{""minCheckins"":1,""maxCheckins"":2},""rules"":[],""exclusions"":[]}",GREATER_THAN,45ca041f-a79c-42bc-a5ee-54dc8aed6d06,80.0
True,,50.0,45,0,1.0,51.25,0,2,1.0,1,0,100.0,20,2026-04-13,2026-04-13,25.0,25.0,35,2026-04-13 05:00:00.000000,40013,2026-04-13 22:00:00.000000,e9b133d2-594b-4a5a-a91a-b7098289090e,AT_RISK,COUNT,"{""version"":2,""scheduleType"":""DAILY"",""timezone"":""Asia/Calcutta"",""weekStartsOn"":""MONDAY"",""weekOfMonthModel"":""DAY_BUCKETS"",""requirements"":{""minCheckins"":1,""maxCheckins"":2},""rules"":[],""exclusions"":[]}",GREATER_THAN,4cf83ed1-ebb4-4080-b868-11e642355d4c,80.0
True,,0.0,45,0,0.0,0.0,0,2,1.0,1,0,0.0,20,2026-04-14,2026-04-14,0.0,0.0,35,2026-04-14 05:00:00.000000,40014,2026-04-14 22:00:00.000000,e9b133d2-594b-4a5a-a91a-b7098289090e,CRITICAL,COUNT,"{""version"":2,""scheduleType"":""DAILY"",""timezone"":""Asia/Calcutta"",""weekStartsOn"":""MONDAY"",""weekOfMonthModel"":""DAY_BUCKETS"",""requirements"":{""minCheckins"":1,""maxCheckins"":2},""rules"":[],""exclusions"":[]}",GREATER_THAN,a7776adb-cee5-4d94-9883-84a440fac3f0,80.0
True,,50.0,45,0,1.0,51.25,0,2,1.0,1,0,100.0,20,2026-04-15,2026-04-15,25.0,25.0,35,2026-04-15 05:00:00.000000,40015,2026-04-15 22:00:00.000000,e9b133d2-594b-4a5a-a91a-b7098289090e,AT_RISK,COUNT,"{""version"":2,""scheduleType"":""DAILY"",""timezone"":""Asia/Calcutta"",""weekStartsOn"":""MONDAY"",""weekOfMonthModel"":""DAY_BUCKETS"",""requirements"":{""minCheckins"":1,""maxCheckins"":2},""rules"":[],""exclusions"":[]}",GREATER_THAN,e00b157e-7772-43bc-b11e-1ef51c585cd9,80.0
True,,50.0,45,0,1.0,51.25,0,2,1.0,1,0,100.0,20,2026-04-16,2026-04-16,25.0,25.0,35,2026-04-16 05:00:00.000000,40016,2026-04-16 22:00:00.000000,e9b133d2-594b-4a5a-a91a-b7098289090e,AT_RISK,COUNT,"{""version"":2,""scheduleType"":""DAILY"",""timezone"":""Asia/Calcutta"",""weekStartsOn"":""MONDAY"",""weekOfMonthModel"":""DAY_BUCKETS"",""requirements"":{""minCheckins"":1,""maxCheckins"":2},""rules"":[],""exclusions"":[]}",GREATER_THAN,255312ba-0893-468b-a285-12fb2d5f95b3,80.0
True,,50.0,45,0,1.0,51.25,0,2,1.0,1,0,100.0,20,2026-04-17,2026-04-17,25.0,25.0,35,2026-04-17 05:00:00.000000,40017,2026-04-17 22:00:00.000000,e9b133d2-594b-4a5a-a91a-b7098289090e,AT_RISK,COUNT,"{""version"":2,""scheduleType"":""DAILY"",""timezone"":""Asia/Calcutta"",""weekStartsOn"":""MONDAY"",""weekOfMonthModel"":""DAY_BUCKETS"",""requirements"":{""minCheckins"":1,""maxCheckins"":2},""rules"":[],""exclusions"":[]}",GREATER_THAN,a59e6bef-85b1-4601-864d-f65113b59046,80.0
True,,0.0,45,0,0.0,0.0,0,2,1.0,1,0,0.0,20,2026-04-18,2026-04-18,0.0,0.0,35,2026-04-18 05:00:00.000000,40018,2026-04-18 22:00:00.000000,e9b133d2-594b-4a5a-a91a-b7098289090e,CRITICAL,COUNT,"{""version"":2,""scheduleType"":""DAILY"",""timezone"":""Asia/Calcutta"",""weekStartsOn"":""MONDAY"",""weekOfMonthModel"":""DAY_BUCKETS"",""requirements"":{""minCheckins"":1,""maxCheckins"":2},""rules"":[],""exclusions"":[]}",GREATER_THAN,a709dba8-fc70-4e70-933c-f10256a6aa4d,80.0
True,,0.0,45,0,0.0,0.0,0,2,1.0,1,0,0.0,20,2026-04-19,2026-04-19,0.0,0.0,35,2026-04-19 05:00:00.000000,40019,2026-04-19 22:00:00.000000,e9b133d2-594b-4a5a-a91a-b7098289090e,CRITICAL,COUNT,"{""version"":2,""scheduleType"":""DAILY"",""timezone"":""Asia/Calcutta"",""weekStartsOn"":""MONDAY"",""weekOfMonthModel"":""DAY_BUCKETS"",""requirements"":{""minCheckins"":1,""maxCheckins"":2},""rules"":[],""exclusions"":[]}",GREATER_THAN,a5629451-1ae3-42d8-a2c9-8ad7662cb1c4,80.0
True,,50.0,45,0,1.0,51.25,0,2,1.0,1,0,100.0,20,2026-04-20,2026-04-20,25.0,25.0,35,2026-04-20 05:00:00.000000,40020,2026-04-20 22:00:00.000000,e9b133d2-594b-4a5a-a91a-b7098289090e,AT_RISK,COUNT,"{""version"":2,""scheduleType"":""DAILY"",""timezone"":""Asia/Calcutta"",""weekStartsOn"":""MONDAY"",""weekOfMonthModel"":""DAY_BUCKETS"",""requirements"":{""minCheckins"":1,""maxCheckins"":2},""rules"":[],""exclusions"":[]}",GREATER_THAN,eb5cbace-a7be-4426-b2cb-cd7753250e4d,80.0
True,,50.0,45,0,1.0,51.25,0,2,1.0,1,0,100.0,20,2026-04-21,2026-04-21,25.0,25.0,35,2026-04-21 05:00:00.000000,40021,2026-04-21 22:00:00.000000,e9b133d2-594b-4a5a-a91a-b7098289090e,AT_RISK,COUNT,"{""version"":2,""scheduleType"":""DAILY"",""timezone"":""Asia/Calcutta"",""weekStartsOn"":""MONDAY"",""weekOfMonthModel"":""DAY_BUCKETS"",""requirements"":{""minCheckins"":1,""maxCheckins"":2},""rules"":[],""exclusions"":[]}",GREATER_THAN,d3647718-443f-4d5b-adb5-1e1dc7798945,80.0
True,,50.0,45,0,1.0,51.25,0,2,1.0,1,0,100.0,20,2026-04-22,2026-04-22,25.0,25.0,35,2026-04-22 05:00:00.000000,40022,2026-04-22 22:00:00.000000,e9b133d2-594b-4a5a-a91a-b7098289090e,AT_RISK,COUNT,"{""version"":2,""scheduleType"":""DAILY"",""timezone"":""Asia/Calcutta"",""weekStartsOn"":""MONDAY"",""weekOfMonthModel"":""DAY_BUCKETS"",""requirements"":{""minCheckins"":1,""maxCheckins"":2},""rules"":[],""exclusions"":[]}",GREATER_THAN,7a906b8e-8550-4b49-8e43-5396d11b9e54,80.0
True,,50.0,45,0,1.0,51.25,0,2,1.0,1,0,100.0,20,2026-04-23,2026-04-23,25.0,25.0,35,2026-04-23 05:00:00.000000,40023,2026-04-23 22:00:00.000000,e9b133d2-594b-4a5a-a91a-b7098289090e,AT_RISK,COUNT,"{""version"":2,""scheduleType"":""DAILY"",""timezone"":""Asia/Calcutta"",""weekStartsOn"":""MONDAY"",""weekOfMonthModel"":""DAY_BUCKETS"",""requirements"":{""minCheckins"":1,""maxCheckins"":2},""rules"":[],""exclusions"":[]}",GREATER_THAN,0c886e5b-0ee3-4d7a-b046-25b7ed306c35,80.0
True,,50.0,45,0,1.0,51.25,0,2,1.0,1,0,100.0,20,2026-04-24,2026-04-24,25.0,25.0,35,2026-04-24 05:00:00.000000,40024,2026-04-24 22:00:00.000000,e9b133d2-594b-4a5a-a91a-b7098289090e,AT_RISK,COUNT,"{""version"":2,""scheduleType"":""DAILY"",""timezone"":""Asia/Calcutta"",""weekStartsOn"":""MONDAY"",""weekOfMonthModel"":""DAY_BUCKETS"",""requirements"":{""minCheckins"":1,""maxCheckins"":2},""rules"":[],""exclusions"":[]}",GREATER_THAN,aed4b3c3-d735-4e49-a3cc-98d761f7c966,80.0
True,,0.0,45,0,0.0,0.0,0,2,1.0,1,0,0.0,20,2026-04-25,2026-04-25,0.0,0.0,35,2026-04-25 05:00:00.000000,40025,2026-04-25 22:00:00.000000,e9b133d2-594b-4a5a-a91a-b7098289090e,CRITICAL,COUNT,"{""version"":2,""scheduleType"":""DAILY"",""timezone"":""Asia/Calcutta"",""weekStartsOn"":""MONDAY"",""weekOfMonthModel"":""DAY_BUCKETS"",""requirements"":{""minCheckins"":1,""maxCheckins"":2},""rules"":[],""exclusions"":[]}",GREATER_THAN,3f8509db-31f0-4176-9ffb-a14e4e0ff19e,80.0
True,,0.0,45,0,0.0,0.0,0,2,1.0,1,0,0.0,20,2026-04-26,2026-04-26,0.0,0.0,35,2026-04-26 05:00:00.000000,40026,2026-04-26 22:00:00.000000,e9b133d2-594b-4a5a-a91a-b7098289090e,CRITICAL,COUNT,"{""version"":2,""scheduleType"":""DAILY"",""timezone"":""Asia/Calcutta"",""weekStartsOn"":""MONDAY"",""weekOfMonthModel"":""DAY_BUCKETS"",""requirements"":{""minCheckins"":1,""maxCheckins"":2},""rules"":[],""exclusions"":[]}",GREATER_THAN,7dd91105-c8c8-41ae-b5d5-166e10cc9242,80.0
True,,50.0,45,0,1.0,51.25,0,2,1.0,1,0,100.0,20,2026-04-27,2026-04-27,25.0,25.0,35,2026-04-27 05:00:00.000000,40027,2026-04-27 22:00:00.000000,e9b133d2-594b-4a5a-a91a-b7098289090e,AT_RISK,COUNT,"{""version"":2,""scheduleType"":""DAILY"",""timezone"":""Asia/Calcutta"",""weekStartsOn"":""MONDAY"",""weekOfMonthModel"":""DAY_BUCKETS"",""requirements"":{""minCheckins"":1,""maxCheckins"":2},""rules"":[],""exclusions"":[]}",GREATER_THAN,3a27cb8c-c77d-495b-a588-e3c9aec42f98,80.0
True,,50.0,45,0,1.0,51.25,0,2,1.0,1,0,100.0,20,2026-04-28,2026-04-28,25.0,25.0,35,2026-04-28 05:00:00.000000,40028,2026-04-28 22:00:00.000000,e9b133d2-594b-4a5a-a91a-b7098289090e,AT_RISK,COUNT,"{""version"":2,""scheduleType"":""DAILY"",""timezone"":""Asia/Calcutta"",""weekStartsOn"":""MONDAY"",""weekOfMonthModel"":""DAY_BUCKETS"",""requirements"":{""minCheckins"":1,""maxCheckins"":2},""rules"":[],""exclusions"":[]}",GREATER_THAN,122f78a2-aa81-447a-a2b4-ef6dfa0cb684,80.0
True,,50.0,45,0,1.0,51.25,0,2,1.0,1,0,100.0,20,2026-04-29,2026-04-29,25.0,25.0,35,2026-04-29 05:00:00.000000,40029,2026-04-29 22:00:00.000000,e9b133d2-594b-4a5a-a91a-b7098289090e,AT_RISK,COUNT,"{""version"":2,""scheduleType"":""DAILY"",""timezone"":""Asia/Calcutta"",""weekStartsOn"":""MONDAY"",""weekOfMonthModel"":""DAY_BUCKETS"",""requirements"":{""minCheckins"":1,""maxCheckins"":2},""rules"":[],""exclusions"":[]}",GREATER_THAN,93ceb177-42b5-4af2-b7e8-f529b41d3768,80.0
True,,50.0,45,0,1.0,51.25,0,2,1.0,1,0,100.0,20,2026-04-30,2026-04-30,25.0,25.0,35,2026-04-30 05:00:00.000000,40030,2026-04-30 22:00:00.000000,e9b133d2-594b-4a5a-a91a-b7098289090e,AT_RISK,COUNT,"{""version"":2,""scheduleType"":""DAILY"",""timezone"":""Asia/Calcutta"",""weekStartsOn"":""MONDAY"",""weekOfMonthModel"":""DAY_BUCKETS"",""requirements"":{""minCheckins"":1,""maxCheckins"":2},""rules"":[],""exclusions"":[]}",GREATER_THAN,77d82e66-9e86-486b-9c2f-81726840dce4,80.0
True,,50.0,45,0,1.0,51.25,0,2,1.0,1,0,100.0,20,2026-05-01,2026-05-01,25.0,25.0,35,2026-05-01 05:00:00.000000,40031,2026-05-01 22:00:00.000000,e9b133d2-594b-4a5a-a91a-b7098289090e,AT_RISK,COUNT,"{""version"":2,""scheduleType"":""DAILY"",""timezone"":""Asia/Calcutta"",""weekStartsOn"":""MONDAY"",""weekOfMonthModel"":""DAY_BUCKETS"",""requirements"":{""minCheckins"":1,""maxCheckins"":2},""rules"":[],""exclusions"":[]}",GREATER_THAN,4c759787-b44e-4425-9688-de794c5c1c00,80.0
True,,0.0,45,0,0.0,0.0,0,2,1.0,1,0,0.0,20,2026-05-02,2026-05-02,0.0,0.0,35,2026-05-02 05:00:00.000000,40032,2026-05-02 22:00:00.000000,e9b133d2-594b-4a5a-a91a-b7098289090e,CRITICAL,COUNT,"{""version"":2,""scheduleType"":""DAILY"",""timezone"":""Asia/Calcutta"",""weekStartsOn"":""MONDAY"",""weekOfMonthModel"":""DAY_BUCKETS"",""requirements"":{""minCheckins"":1,""maxCheckins"":2},""rules"":[],""exclusions"":[]}",GREATER_THAN,bfc20921-8f39-416e-a48e-aa5fef729ea8,80.0
True,,0.0,45,0,0.0,0.0,0,2,1.0,1,0,0.0,20,2026-05-03,2026-05-03,0.0,0.0,35,2026-05-03 05:00:00.000000,40033,2026-05-03 22:00:00.000000,e9b133d2-594b-4a5a-a91a-b7098289090e,CRITICAL,COUNT,"{""version"":2,""scheduleType"":""DAILY"",""timezone"":""Asia/Calcutta"",""weekStartsOn"":""MONDAY"",""weekOfMonthModel"":""DAY_BUCKETS"",""requirements"":{""minCheckins"":1,""maxCheckins"":2},""rules"":[],""exclusions"":[]}",GREATER_THAN,e9ab160d-bf05-4ba3-ba82-53ee97842a2b,80.0
True,,50.0,45,0,1.0,51.25,0,2,1.0,1,0,100.0,20,2026-05-04,2026-05-04,25.0,25.0,35,2026-05-04 05:00:00.000000,40034,2026-05-04 22:00:00.000000,e9b133d2-594b-4a5a-a91a-b7098289090e,AT_RISK,COUNT,"{""version"":2,""scheduleType"":""DAILY"",""timezone"":""Asia/Calcutta"",""weekStartsOn"":""MONDAY"",""weekOfMonthModel"":""DAY_BUCKETS"",""requirements"":{""minCheckins"":1,""maxCheckins"":2},""rules"":[],""exclusions"":[]}",GREATER_THAN,93fc516a-2b45-44a8-8dee-06ac824cee6c,80.0
True,,50.0,45,0,1.0,51.25,0,2,1.0,1,0,100.0,20,2026-05-05,2026-05-05,25.0,25.0,35,2026-05-05 05:00:00.000000,40035,2026-05-05 22:00:00.000000,e9b133d2-594b-4a5a-a91a-b7098289090e,AT_RISK,COUNT,"{""version"":2,""scheduleType"":""DAILY"",""timezone"":""Asia/Calcutta"",""weekStartsOn"":""MONDAY"",""weekOfMonthModel"":""DAY_BUCKETS"",""requirements"":{""minCheckins"":1,""maxCheckins"":2},""rules"":[],""exclusions"":[]}",GREATER_THAN,dcc81a6d-0c5a-4426-9b4e-ff40b9d508db,80.0
True,,0.0,45,0,0.0,0.0,0,2,1.0,1,0,0.0,20,2026-05-06,2026-05-06,0.0,0.0,35,2026-05-06 05:00:00.000000,40036,2026-05-06 22:00:00.000000,e9b133d2-594b-4a5a-a91a-b7098289090e,CRITICAL,COUNT,"{""version"":2,""scheduleType"":""DAILY"",""timezone"":""Asia/Calcutta"",""weekStartsOn"":""MONDAY"",""weekOfMonthModel"":""DAY_BUCKETS"",""requirements"":{""minCheckins"":1,""maxCheckins"":2},""rules"":[],""exclusions"":[]}",GREATER_THAN,0ca0b288-f13f-4a95-9b15-b0bae00dcebb,80.0
True,,50.0,45,0,1.0,51.25,0,2,1.0,1,0,100.0,20,2026-05-07,2026-05-07,25.0,25.0,35,2026-05-07 05:00:00.000000,40037,2026-05-07 22:00:00.000000,e9b133d2-594b-4a5a-a91a-b7098289090e,AT_RISK,COUNT,"{""version"":2,""scheduleType"":""DAILY"",""timezone"":""Asia/Calcutta"",""weekStartsOn"":""MONDAY"",""weekOfMonthModel"":""DAY_BUCKETS"",""requirements"":{""minCheckins"":1,""maxCheckins"":2},""rules"":[],""exclusions"":[]}",GREATER_THAN,93797a05-d6d3-474a-94c1-335a469fabe5,80.0
True,,50.0,45,0,1.0,51.25,0,2,1.0,1,0,100.0,20,2026-05-08,2026-05-08,25.0,25.0,35,2026-05-08 05:00:00.000000,40038,2026-05-08 22:00:00.000000,e9b133d2-594b-4a5a-a91a-b7098289090e,AT_RISK,COUNT,"{""version"":2,""scheduleType"":""DAILY"",""timezone"":""Asia/Calcutta"",""weekStartsOn"":""MONDAY"",""weekOfMonthModel"":""DAY_BUCKETS"",""requirements"":{""minCheckins"":1,""maxCheckins"":2},""rules"":[],""exclusions"":[]}",GREATER_THAN,fd9ab4ef-79dc-4492-97fa-315248752f8c,80.0
True,,0.0,45,0,0.0,0.0,0,2,1.0,1,0,0.0,20,2026-05-09,2026-05-09,0.0,0.0,35,2026-05-09 05:00:00.000000,40039,2026-05-09 22:00:00.000000,e9b133d2-594b-4a5a-a91a-b7098289090e,CRITICAL,COUNT,"{""version"":2,""scheduleType"":""DAILY"",""timezone"":""Asia/Calcutta"",""weekStartsOn"":""MONDAY"",""weekOfMonthModel"":""DAY_BUCKETS"",""requirements"":{""minCheckins"":1,""maxCheckins"":2},""rules"":[],""exclusions"":[]}",GREATER_THAN,b958f458-1eb0-4e35-938f-88ba19ccf70d,80.0
True,,0.0,45,0,0.0,0.0,0,2,1.0,1,0,0.0,20,2026-05-10,2026-05-10,0.0,0.0,35,2026-05-10 05:00:00.000000,40040,2026-05-10 22:00:00.000000,e9b133d2-594b-4a5a-a91a-b7098289090e,CRITICAL,COUNT,"{""version"":2,""scheduleType"":""DAILY"",""timezone"":""Asia/Calcutta"",""weekStartsOn"":""MONDAY"",""weekOfMonthModel"":""DAY_BUCKETS"",""requirements"":{""minCheckins"":1,""maxCheckins"":2},""rules"":[],""exclusions"":[]}",GREATER_THAN,ed6f09e9-6d32-4968-9b06-2367ad82524b,80.0
True,,50.0,45,0,1.0,51.25,0,2,1.0,1,0,100.0,20,2026-05-11,2026-05-11,25.0,25.0,35,2026-05-11 05:00:00.000000,40041,2026-05-11 22:00:00.000000,e9b133d2-594b-4a5a-a91a-b7098289090e,AT_RISK,COUNT,"{""version"":2,""scheduleType"":""DAILY"",""timezone"":""Asia/Calcutta"",""weekStartsOn"":""MONDAY"",""weekOfMonthModel"":""DAY_BUCKETS"",""requirements"":{""minCheckins"":1,""maxCheckins"":2},""rules"":[],""exclusions"":[]}",GREATER_THAN,30029345-1cdb-4812-9454-814ede9be507,80.0
True,,50.0,45,0,1.0,51.25,0,2,1.0,1,0,100.0,20,2026-05-12,2026-05-12,25.0,25.0,35,2026-05-12 05:00:00.000000,40042,2026-05-12 22:00:00.000000,e9b133d2-594b-4a5a-a91a-b7098289090e,AT_RISK,COUNT,"{""version"":2,""scheduleType"":""DAILY"",""timezone"":""Asia/Calcutta"",""weekStartsOn"":""MONDAY"",""weekOfMonthModel"":""DAY_BUCKETS"",""requirements"":{""minCheckins"":1,""maxCheckins"":2},""rules"":[],""exclusions"":[]}",GREATER_THAN,bdf25201-58ae-4421-9bb7-4a488e86338d,80.0
True,,50.0,45,0,1.0,51.25,0,2,1.0,1,0,100.0,20,2026-05-13,2026-05-13,25.0,25.0,35,2026-05-13 05:00:00.000000,40043,2026-05-13 22:00:00.000000,e9b133d2-594b-4a5a-a91a-b7098289090e,AT_RISK,COUNT,"{""version"":2,""scheduleType"":""DAILY"",""timezone"":""Asia/Calcutta"",""weekStartsOn"":""MONDAY"",""weekOfMonthModel"":""DAY_BUCKETS"",""requirements"":{""minCheckins"":1,""maxCheckins"":2},""rules"":[],""exclusions"":[]}",GREATER_THAN,e486508f-8f72-41f9-89c6-aef91371acfd,80.0
True,,50.0,45,0,1.0,51.25,0,2,1.0,1,0,100.0,20,2026-05-14,2026-05-14,25.0,25.0,35,2026-05-14 05:00:00.000000,40044,2026-05-14 22:00:00.000000,e9b133d2-594b-4a5a-a91a-b7098289090e,AT_RISK,COUNT,"{""version"":2,""scheduleType"":""DAILY"",""timezone"":""Asia/Calcutta"",""weekStartsOn"":""MONDAY"",""weekOfMonthModel"":""DAY_BUCKETS"",""requirements"":{""minCheckins"":1,""maxCheckins"":2},""rules"":[],""exclusions"":[]}",GREATER_THAN,876e1c09-4d77-4eb8-bb74-ae2e1f58e253,80.0
True,,50.0,45,0,1.0,51.25,0,2,1.0,1,0,100.0,20,2026-05-15,2026-05-15,25.0,25.0,35,2026-05-15 05:00:00.000000,40045,2026-05-15 22:00:00.000000,e9b133d2-594b-4a5a-a91a-b7098289090e,AT_RISK,COUNT,"{""version"":2,""scheduleType"":""DAILY"",""timezone"":""Asia/Calcutta"",""weekStartsOn"":""MONDAY"",""weekOfMonthModel"":""DAY_BUCKETS"",""requirements"":{""minCheckins"":1,""maxCheckins"":2},""rules"":[],""exclusions"":[]}",GREATER_THAN,023ab8cd-963b-4c89-94ca-e9676f3766ed,80.0
True,,0.0,45,0,0.0,0.0,0,2,1.0,1,0,0.0,20,2026-05-16,2026-05-16,0.0,0.0,35,2026-05-16 05:00:00.000000,40046,2026-05-16 22:00:00.000000,e9b133d2-594b-4a5a-a91a-b7098289090e,CRITICAL,COUNT,"{""version"":2,""scheduleType"":""DAILY"",""timezone"":""Asia/Calcutta"",""weekStartsOn"":""MONDAY"",""weekOfMonthModel"":""DAY_BUCKETS"",""requirements"":{""minCheckins"":1,""maxCheckins"":2},""rules"":[],""exclusions"":[]}",GREATER_THAN,b194255a-f6a4-4419-9e65-8a9bd792bfad,80.0
True,,0.0,45,0,0.0,0.0,0,2,1.0,1,0,0.0,20,2026-05-17,2026-05-17,0.0,0.0,35,2026-05-17 05:00:00.000000,40047,2026-05-17 22:00:00.000000,e9b133d2-594b-4a5a-a91a-b7098289090e,CRITICAL,COUNT,"{""version"":2,""scheduleType"":""DAILY"",""timezone"":""Asia/Calcutta"",""weekStartsOn"":""MONDAY"",""weekOfMonthModel"":""DAY_BUCKETS"",""requirements"":{""minCheckins"":1,""maxCheckins"":2},""rules"":[],""exclusions"":[]}",GREATER_THAN,c1551d7b-0f2b-4fde-8265-ab55aacde761,80.0
True,,50.0,45,0,1.0,51.25,0,2,1.0,1,0,100.0,20,2026-05-18,2026-05-18,25.0,25.0,35,2026-05-18 05:00:00.000000,40048,2026-05-18 22:00:00.000000,e9b133d2-594b-4a5a-a91a-b7098289090e,AT_RISK,COUNT,"{""version"":2,""scheduleType"":""DAILY"",""timezone"":""Asia/Calcutta"",""weekStartsOn"":""MONDAY"",""weekOfMonthModel"":""DAY_BUCKETS"",""requirements"":{""minCheckins"":1,""maxCheckins"":2},""rules"":[],""exclusions"":[]}",GREATER_THAN,a2ef9152-9831-44a2-9ab8-88f866c2633e,80.0
True,,50.0,45,0,1.0,51.25,0,2,1.0,1,0,100.0,20,2026-05-19,2026-05-19,25.0,25.0,35,2026-05-19 05:00:00.000000,40049,2026-05-19 22:00:00.000000,e9b133d2-594b-4a5a-a91a-b7098289090e,AT_RISK,COUNT,"{""version"":2,""scheduleType"":""DAILY"",""timezone"":""Asia/Calcutta"",""weekStartsOn"":""MONDAY"",""weekOfMonthModel"":""DAY_BUCKETS"",""requirements"":{""minCheckins"":1,""maxCheckins"":2},""rules"":[],""exclusions"":[]}",GREATER_THAN,6839f46c-0927-45a0-9adf-06d22c472b9a,80.0
True,,50.0,45,0,1.0,51.25,0,2,1.0,1,0,100.0,20,2026-05-20,2026-05-20,25.0,25.0,35,2026-05-20 05:00:00.000000,40050,2026-05-20 22:00:00.000000,e9b133d2-594b-4a5a-a91a-b7098289090e,AT_RISK,COUNT,"{""version"":2,""scheduleType"":""DAILY"",""timezone"":""Asia/Calcutta"",""weekStartsOn"":""MONDAY"",""weekOfMonthModel"":""DAY_BUCKETS"",""requirements"":{""minCheckins"":1,""maxCheckins"":2},""rules"":[],""exclusions"":[]}",GREATER_THAN,c2b7b4e2-cb06-4b3b-9c96-07304fb59e8a,80.0
True,,50.0,45,0,1.0,51.25,0,2,1.0,1,0,100.0,20,2026-05-21,2026-05-21,25.0,25.0,35,2026-05-21 05:00:00.000000,40051,2026-05-21 22:00:00.000000,e9b133d2-594b-4a5a-a91a-b7098289090e,AT_RISK,COUNT,"{""version"":2,""scheduleType"":""DAILY"",""timezone"":""Asia/Calcutta"",""weekStartsOn"":""MONDAY"",""weekOfMonthModel"":""DAY_BUCKETS"",""requirements"":{""minCheckins"":1,""maxCheckins"":2},""rules"":[],""exclusions"":[]}",GREATER_THAN,f4ce6a21-bd90-4d29-8807-ef0e41256da3,80.0
True,,50.0,45,0,1.0,51.25,0,2,1.0,1,0,100.0,20,2026-05-22,2026-05-22,25.0,25.0,35,2026-05-22 05:00:00.000000,40052,2026-05-22 22:00:00.000000,e9b133d2-594b-4a5a-a91a-b7098289090e,AT_RISK,COUNT,"{""version"":2,""scheduleType"":""DAILY"",""timezone"":""Asia/Calcutta"",""weekStartsOn"":""MONDAY"",""weekOfMonthModel"":""DAY_BUCKETS"",""requirements"":{""minCheckins"":1,""maxCheckins"":2},""rules"":[],""exclusions"":[]}",GREATER_THAN,1d3add0b-7ca4-4b55-9be5-fa10cf35d9fd,80.0
True,,0.0,45,0,0.0,0.0,0,2,1.0,1,0,0.0,20,2026-05-23,2026-05-23,0.0,0.0,35,2026-05-23 05:00:00.000000,40053,2026-05-23 22:00:00.000000,e9b133d2-594b-4a5a-a91a-b7098289090e,CRITICAL,COUNT,"{""version"":2,""scheduleType"":""DAILY"",""timezone"":""Asia/Calcutta"",""weekStartsOn"":""MONDAY"",""weekOfMonthModel"":""DAY_BUCKETS"",""requirements"":{""minCheckins"":1,""maxCheckins"":2},""rules"":[],""exclusions"":[]}",GREATER_THAN,d7bd5922-83ae-42a8-b71d-d6ec7325d5f1,80.0
True,,0.0,45,0,0.0,0.0,0,2,1.0,1,0,0.0,20,2026-05-24,2026-05-24,0.0,0.0,35,2026-05-24 05:00:00.000000,40054,2026-05-24 22:00:00.000000,e9b133d2-594b-4a5a-a91a-b7098289090e,CRITICAL,COUNT,"{""version"":2,""scheduleType"":""DAILY"",""timezone"":""Asia/Calcutta"",""weekStartsOn"":""MONDAY"",""weekOfMonthModel"":""DAY_BUCKETS"",""requirements"":{""minCheckins"":1,""maxCheckins"":2},""rules"":[],""exclusions"":[]}",GREATER_THAN,76aaf575-788a-45da-94b4-1ef4bf1aedd4,80.0
True,,50.0,45,0,1.0,51.25,0,2,1.0,1,0,100.0,20,2026-05-25,2026-05-25,25.0,25.0,35,2026-05-25 05:00:00.000000,40055,2026-05-25 22:00:00.000000,e9b133d2-594b-4a5a-a91a-b7098289090e,AT_RISK,COUNT,"{""version"":2,""scheduleType"":""DAILY"",""timezone"":""Asia/Calcutta"",""weekStartsOn"":""MONDAY"",""weekOfMonthModel"":""DAY_BUCKETS"",""requirements"":{""minCheckins"":1,""maxCheckins"":2},""rules"":[],""exclusions"":[]}",GREATER_THAN,4db32411-b700-4bcf-bc1b-e9067b779d2a,80.0
True,,50.0,45,0,1.0,51.25,0,2,1.0,1,0,100.0,20,2026-05-26,2026-05-26,25.0,25.0,35,2026-05-26 05:00:00.000000,40056,2026-05-26 22:00:00.000000,e9b133d2-594b-4a5a-a91a-b7098289090e,AT_RISK,COUNT,"{""version"":2,""scheduleType"":""DAILY"",""timezone"":""Asia/Calcutta"",""weekStartsOn"":""MONDAY"",""weekOfMonthModel"":""DAY_BUCKETS"",""requirements"":{""minCheckins"":1,""maxCheckins"":2},""rules"":[],""exclusions"":[]}",GREATER_THAN,4fb5c1c6-3ad8-45b0-b892-89337c9f633d,80.0
True,,50.0,45,0,1.0,51.25,0,2,1.0,1,0,100.0,20,2026-05-27,2026-05-27,25.0,25.0,35,2026-05-27 05:00:00.000000,40057,2026-05-27 22:00:00.000000,e9b133d2-594b-4a5a-a91a-b7098289090e,AT_RISK,COUNT,"{""version"":2,""scheduleType"":""DAILY"",""timezone"":""Asia/Calcutta"",""weekStartsOn"":""MONDAY"",""weekOfMonthModel"":""DAY_BUCKETS"",""requirements"":{""minCheckins"":1,""maxCheckins"":2},""rules"":[],""exclusions"":[]}",GREATER_THAN,b2627763-2c0d-48b7-97c6-12facfef9be5,80.0
True,,0.0,45,0,0.0,0.0,0,2,1.0,1,0,0.0,20,2026-05-28,2026-05-28,0.0,0.0,35,2026-05-28 05:00:00.000000,40058,2026-05-28 22:00:00.000000,e9b133d2-594b-4a5a-a91a-b7098289090e,CRITICAL,COUNT,"{""version"":2,""scheduleType"":""DAILY"",""timezone"":""Asia/Calcutta"",""weekStartsOn"":""MONDAY"",""weekOfMonthModel"":""DAY_BUCKETS"",""requirements"":{""minCheckins"":1,""maxCheckins"":2},""rules"":[],""exclusions"":[]}",GREATER_THAN,7e3c3e08-f1e2-4986-80ed-b01f86abfa9d,80.0
True,,50.0,45,0,1.0,51.25,0,2,1.0,1,0,100.0,20,2026-05-29,2026-05-29,25.0,25.0,35,2026-05-29 05:00:00.000000,40059,2026-05-29 22:00:00.000000,e9b133d2-594b-4a5a-a91a-b7098289090e,AT_RISK,COUNT,"{""version"":2,""scheduleType"":""DAILY"",""timezone"":""Asia/Calcutta"",""weekStartsOn"":""MONDAY"",""weekOfMonthModel"":""DAY_BUCKETS"",""requirements"":{""minCheckins"":1,""maxCheckins"":2},""rules"":[],""exclusions"":[]}",GREATER_THAN,e6fbfccb-9de2-46a8-9cf9-9eb8c51b4e9a,80.0
True,,0.0,45,0,0.0,0.0,0,2,1.0,1,0,0.0,20,2026-05-30,2026-05-30,0.0,0.0,35,2026-05-30 05:00:00.000000,40060,2026-05-30 22:00:00.000000,e9b133d2-594b-4a5a-a91a-b7098289090e,CRITICAL,COUNT,"{""version"":2,""scheduleType"":""DAILY"",""timezone"":""Asia/Calcutta"",""weekStartsOn"":""MONDAY"",""weekOfMonthModel"":""DAY_BUCKETS"",""requirements"":{""minCheckins"":1,""maxCheckins"":2},""rules"":[],""exclusions"":[]}",GREATER_THAN,dca0bf6b-0553-4649-bf52-6012d8803e6c,80.0
True,,0.0,45,0,0.0,0.0,0,2,1.0,1,0,0.0,20,2026-05-31,2026-05-31,0.0,0.0,35,2026-05-31 05:00:00.000000,40061,2026-05-31 22:00:00.000000,e9b133d2-594b-4a5a-a91a-b7098289090e,CRITICAL,COUNT,"{""version"":2,""scheduleType"":""DAILY"",""timezone"":""Asia/Calcutta"",""weekStartsOn"":""MONDAY"",""weekOfMonthModel"":""DAY_BUCKETS"",""requirements"":{""minCheckins"":1,""maxCheckins"":2},""rules"":[],""exclusions"":[]}",GREATER_THAN,3ccd2d8d-9bf3-429d-9de3-09a6a527c873,80.0
True,,50.0,45,0,1.0,51.25,0,2,1.0,1,0,100.0,20,2026-06-01,2026-06-01,25.0,25.0,35,2026-06-01 05:00:00.000000,40062,2026-06-01 22:00:00.000000,e9b133d2-594b-4a5a-a91a-b7098289090e,AT_RISK,COUNT,"{""version"":2,""scheduleType"":""DAILY"",""timezone"":""Asia/Calcutta"",""weekStartsOn"":""MONDAY"",""weekOfMonthModel"":""DAY_BUCKETS"",""requirements"":{""minCheckins"":1,""maxCheckins"":2},""rules"":[],""exclusions"":[]}",GREATER_THAN,9293b523-7193-4756-bd0b-173ea96135a6,80.0
True,,50.0,45,0,1.0,51.25,0,2,1.0,1,0,100.0,20,2026-06-02,2026-06-02,25.0,25.0,35,2026-06-02 05:00:00.000000,40063,2026-06-02 22:00:00.000000,e9b133d2-594b-4a5a-a91a-b7098289090e,AT_RISK,COUNT,"{""version"":2,""scheduleType"":""DAILY"",""timezone"":""Asia/Calcutta"",""weekStartsOn"":""MONDAY"",""weekOfMonthModel"":""DAY_BUCKETS"",""requirements"":{""minCheckins"":1,""maxCheckins"":2},""rules"":[],""exclusions"":[]}",GREATER_THAN,8ba878a2-5f45-4d45-bd15-f64485d29841,80.0
True,,50.0,45,0,1.0,51.25,0,2,1.0,1,0,100.0,20,2026-06-03,2026-06-03,25.0,25.0,35,2026-06-03 05:00:00.000000,40064,2026-06-03 22:00:00.000000,e9b133d2-594b-4a5a-a91a-b7098289090e,AT_RISK,COUNT,"{""version"":2,""scheduleType"":""DAILY"",""timezone"":""Asia/Calcutta"",""weekStartsOn"":""MONDAY"",""weekOfMonthModel"":""DAY_BUCKETS"",""requirements"":{""minCheckins"":1,""maxCheckins"":2},""rules"":[],""exclusions"":[]}",GREATER_THAN,6b7b0728-7b28-43ff-872c-c78dc70389af,80.0
True,,50.0,45,0,1.0,51.25,0,2,1.0,1,0,100.0,20,2026-06-04,2026-06-04,25.0,25.0,35,2026-06-04 05:00:00.000000,40065,2026-06-04 22:00:00.000000,e9b133d2-594b-4a5a-a91a-b7098289090e,AT_RISK,COUNT,"{""version"":2,""scheduleType"":""DAILY"",""timezone"":""Asia/Calcutta"",""weekStartsOn"":""MONDAY"",""weekOfMonthModel"":""DAY_BUCKETS"",""requirements"":{""minCheckins"":1,""maxCheckins"":2},""rules"":[],""exclusions"":[]}",GREATER_THAN,9d201790-84a8-45ef-85ca-f9aa8f59b483,80.0
True,,50.0,45,0,1.0,51.25,0,2,1.0,1,0,100.0,20,2026-06-05,2026-06-05,25.0,25.0,35,2026-06-05 05:00:00.000000,40066,2026-06-05 22:00:00.000000,e9b133d2-594b-4a5a-a91a-b7098289090e,AT_RISK,COUNT,"{""version"":2,""scheduleType"":""DAILY"",""timezone"":""Asia/Calcutta"",""weekStartsOn"":""MONDAY"",""weekOfMonthModel"":""DAY_BUCKETS"",""requirements"":{""minCheckins"":1,""maxCheckins"":2},""rules"":[],""exclusions"":[]}",GREATER_THAN,6c72c329-b9db-4381-a3de-952240bd0334,80.0
True,,0.0,45,0,0.0,0.0,0,2,1.0,1,0,0.0,20,2026-06-06,2026-06-06,0.0,0.0,35,2026-06-06 05:00:00.000000,40067,2026-06-06 22:00:00.000000,e9b133d2-594b-4a5a-a91a-b7098289090e,CRITICAL,COUNT,"{""version"":2,""scheduleType"":""DAILY"",""timezone"":""Asia/Calcutta"",""weekStartsOn"":""MONDAY"",""weekOfMonthModel"":""DAY_BUCKETS"",""requirements"":{""minCheckins"":1,""maxCheckins"":2},""rules"":[],""exclusions"":[]}",GREATER_THAN,61afb131-036d-4f3e-b911-ff9772d58fe3,80.0
True,,0.0,45,0,0.0,0.0,0,2,1.0,1,0,0.0,20,2026-06-07,2026-06-07,0.0,0.0,35,2026-06-07 05:00:00.000000,40068,2026-06-07 22:00:00.000000,e9b133d2-594b-4a5a-a91a-b7098289090e,CRITICAL,COUNT,"{""version"":2,""scheduleType"":""DAILY"",""timezone"":""Asia/Calcutta"",""weekStartsOn"":""MONDAY"",""weekOfMonthModel"":""DAY_BUCKETS"",""requirements"":{""minCheckins"":1,""maxCheckins"":2},""rules"":[],""exclusions"":[]}",GREATER_THAN,420bfb27-cdcb-4d60-a671-0ea26f9f56f7,80.0
True,,50.0,45,0,1.0,51.25,0,2,1.0,1,0,100.0,20,2026-06-08,2026-06-08,25.0,25.0,35,2026-06-08 05:00:00.000000,40069,2026-06-08 22:00:00.000000,e9b133d2-594b-4a5a-a91a-b7098289090e,AT_RISK,COUNT,"{""version"":2,""scheduleType"":""DAILY"",""timezone"":""Asia/Calcutta"",""weekStartsOn"":""MONDAY"",""weekOfMonthModel"":""DAY_BUCKETS"",""requirements"":{""minCheckins"":1,""maxCheckins"":2},""rules"":[],""exclusions"":[]}",GREATER_THAN,0c4557d5-dc28-4268-b951-7b68d0d15795,80.0
True,,50.0,45,0,1.0,51.25,0,2,1.0,1,0,100.0,20,2026-06-09,2026-06-09,25.0,25.0,35,2026-06-09 05:00:00.000000,40070,2026-06-09 22:00:00.000000,e9b133d2-594b-4a5a-a91a-b7098289090e,AT_RISK,COUNT,"{""version"":2,""scheduleType"":""DAILY"",""timezone"":""Asia/Calcutta"",""weekStartsOn"":""MONDAY"",""weekOfMonthModel"":""DAY_BUCKETS"",""requirements"":{""minCheckins"":1,""maxCheckins"":2},""rules"":[],""exclusions"":[]}",GREATER_THAN,5fb5a4c9-8496-43db-a97c-a819fda499aa,80.0
True,,50.0,45,0,1.0,51.25,0,2,1.0,1,0,100.0,20,2026-06-10,2026-06-10,25.0,25.0,35,2026-06-10 05:00:00.000000,40071,2026-06-10 22:00:00.000000,e9b133d2-594b-4a5a-a91a-b7098289090e,AT_RISK,COUNT,"{""version"":2,""scheduleType"":""DAILY"",""timezone"":""Asia/Calcutta"",""weekStartsOn"":""MONDAY"",""weekOfMonthModel"":""DAY_BUCKETS"",""requirements"":{""minCheckins"":1,""maxCheckins"":2},""rules"":[],""exclusions"":[]}",GREATER_THAN,1c11ead4-1d67-4765-b889-3191a72688de,80.0
True,,50.0,45,0,1.0,51.25,0,2,1.0,1,0,100.0,20,2026-06-11,2026-06-11,25.0,25.0,35,2026-06-11 05:00:00.000000,40072,2026-06-11 22:00:00.000000,e9b133d2-594b-4a5a-a91a-b7098289090e,AT_RISK,COUNT,"{""version"":2,""scheduleType"":""DAILY"",""timezone"":""Asia/Calcutta"",""weekStartsOn"":""MONDAY"",""weekOfMonthModel"":""DAY_BUCKETS"",""requirements"":{""minCheckins"":1,""maxCheckins"":2},""rules"":[],""exclusions"":[]}",GREATER_THAN,abeb1c08-a30e-4aa3-ab03-3fb7344002cd,80.0
True,,50.0,45,0,1.0,51.25,0,2,1.0,1,0,100.0,20,2026-06-12,2026-06-12,25.0,25.0,35,2026-06-12 05:00:00.000000,40073,2026-06-12 22:00:00.000000,e9b133d2-594b-4a5a-a91a-b7098289090e,AT_RISK,COUNT,"{""version"":2,""scheduleType"":""DAILY"",""timezone"":""Asia/Calcutta"",""weekStartsOn"":""MONDAY"",""weekOfMonthModel"":""DAY_BUCKETS"",""requirements"":{""minCheckins"":1,""maxCheckins"":2},""rules"":[],""exclusions"":[]}",GREATER_THAN,2f7d607e-a9f7-47f8-9003-63babef89021,80.0
True,,0.0,45,0,0.0,0.0,0,2,1.0,1,0,0.0,20,2026-06-13,2026-06-13,0.0,0.0,35,2026-06-13 05:00:00.000000,40074,2026-06-13 22:00:00.000000,e9b133d2-594b-4a5a-a91a-b7098289090e,CRITICAL,COUNT,"{""version"":2,""scheduleType"":""DAILY"",""timezone"":""Asia/Calcutta"",""weekStartsOn"":""MONDAY"",""weekOfMonthModel"":""DAY_BUCKETS"",""requirements"":{""minCheckins"":1,""maxCheckins"":2},""rules"":[],""exclusions"":[]}",GREATER_THAN,59356ef2-686c-4c97-855c-42aae77a5acf,80.0
True,,0.0,45,0,0.0,0.0,0,2,1.0,1,0,0.0,20,2026-06-14,2026-06-14,0.0,0.0,35,2026-06-14 05:00:00.000000,40075,2026-06-14 22:00:00.000000,e9b133d2-594b-4a5a-a91a-b7098289090e,CRITICAL,COUNT,"{""version"":2,""scheduleType"":""DAILY"",""timezone"":""Asia/Calcutta"",""weekStartsOn"":""MONDAY"",""weekOfMonthModel"":""DAY_BUCKETS"",""requirements"":{""minCheckins"":1,""maxCheckins"":2},""rules"":[],""exclusions"":[]}",GREATER_THAN,ecdda9eb-6210-4c8b-ab87-04c04c3fca7e,80.0
True,,50.0,45,0,1.0,51.25,0,2,1.0,1,0,100.0,20,2026-06-15,2026-06-15,25.0,25.0,35,2026-06-15 05:00:00.000000,40076,2026-06-15 22:00:00.000000,e9b133d2-594b-4a5a-a91a-b7098289090e,AT_RISK,COUNT,"{""version"":2,""scheduleType"":""DAILY"",""timezone"":""Asia/Calcutta"",""weekStartsOn"":""MONDAY"",""weekOfMonthModel"":""DAY_BUCKETS"",""requirements"":{""minCheckins"":1,""maxCheckins"":2},""rules"":[],""exclusions"":[]}",GREATER_THAN,3955139f-bd4b-482d-8374-cce0526e6d7f,80.0
True,,50.0,45,0,1.0,51.25,0,2,1.0,1,0,100.0,20,2026-06-16,2026-06-16,25.0,25.0,35,2026-06-16 05:00:00.000000,40077,2026-06-16 22:00:00.000000,e9b133d2-594b-4a5a-a91a-b7098289090e,AT_RISK,COUNT,"{""version"":2,""scheduleType"":""DAILY"",""timezone"":""Asia/Calcutta"",""weekStartsOn"":""MONDAY"",""weekOfMonthModel"":""DAY_BUCKETS"",""requirements"":{""minCheckins"":1,""maxCheckins"":2},""rules"":[],""exclusions"":[]}",GREATER_THAN,c5091f6a-2a3c-44f4-af43-213d3079dd78,80.0
True,,0.0,45,0,0.0,0.0,0,2,1.0,1,0,0.0,20,2026-06-17,2026-06-17,0.0,0.0,35,2026-06-17 05:00:00.000000,40078,2026-06-17 22:00:00.000000,e9b133d2-594b-4a5a-a91a-b7098289090e,CRITICAL,COUNT,"{""version"":2,""scheduleType"":""DAILY"",""timezone"":""Asia/Calcutta"",""weekStartsOn"":""MONDAY"",""weekOfMonthModel"":""DAY_BUCKETS"",""requirements"":{""minCheckins"":1,""maxCheckins"":2},""rules"":[],""exclusions"":[]}",GREATER_THAN,85ec262c-f766-4c5c-adc8-2afdaf33d24f,80.0
True,,50.0,45,0,1.0,51.25,0,2,1.0,1,0,100.0,20,2026-06-18,2026-06-18,25.0,25.0,35,2026-06-18 05:00:00.000000,40079,2026-06-18 22:00:00.000000,e9b133d2-594b-4a5a-a91a-b7098289090e,AT_RISK,COUNT,"{""version"":2,""scheduleType"":""DAILY"",""timezone"":""Asia/Calcutta"",""weekStartsOn"":""MONDAY"",""weekOfMonthModel"":""DAY_BUCKETS"",""requirements"":{""minCheckins"":1,""maxCheckins"":2},""rules"":[],""exclusions"":[]}",GREATER_THAN,c2f28b9f-5ec2-4060-9151-96ac39bb9b98,80.0
True,,50.0,45,0,1.0,51.25,0,2,1.0,1,0,100.0,20,2026-06-19,2026-06-19,25.0,25.0,35,2026-06-19 05:00:00.000000,40080,2026-06-19 22:00:00.000000,e9b133d2-594b-4a5a-a91a-b7098289090e,AT_RISK,COUNT,"{""version"":2,""scheduleType"":""DAILY"",""timezone"":""Asia/Calcutta"",""weekStartsOn"":""MONDAY"",""weekOfMonthModel"":""DAY_BUCKETS"",""requirements"":{""minCheckins"":1,""maxCheckins"":2},""rules"":[],""exclusions"":[]}",GREATER_THAN,32641cea-0ff4-406f-9698-8f6566f3f35f,80.0
True,,0.0,45,0,0.0,0.0,0,2,1.0,1,0,0.0,20,2026-06-20,2026-06-20,0.0,0.0,35,2026-06-20 05:00:00.000000,40081,2026-06-20 22:00:00.000000,e9b133d2-594b-4a5a-a91a-b7098289090e,CRITICAL,COUNT,"{""version"":2,""scheduleType"":""DAILY"",""timezone"":""Asia/Calcutta"",""weekStartsOn"":""MONDAY"",""weekOfMonthModel"":""DAY_BUCKETS"",""requirements"":{""minCheckins"":1,""maxCheckins"":2},""rules"":[],""exclusions"":[]}",GREATER_THAN,1ad75908-11aa-42b6-a1d6-dac44f65a17e,80.0
True,,0.0,45,0,0.0,0.0,0,2,1.0,1,0,0.0,20,2026-06-21,2026-06-21,0.0,0.0,35,2026-06-21 05:00:00.000000,40082,2026-06-21 22:00:00.000000,e9b133d2-594b-4a5a-a91a-b7098289090e,CRITICAL,COUNT,"{""version"":2,""scheduleType"":""DAILY"",""timezone"":""Asia/Calcutta"",""weekStartsOn"":""MONDAY"",""weekOfMonthModel"":""DAY_BUCKETS"",""requirements"":{""minCheckins"":1,""maxCheckins"":2},""rules"":[],""exclusions"":[]}",GREATER_THAN,881e6e7b-5059-439a-a8d5-ccd9e4d671e0,80.0
True,,50.0,45,0,1.0,51.25,0,2,1.0,1,0,100.0,20,2026-06-22,2026-06-22,25.0,25.0,35,2026-06-22 05:00:00.000000,40083,2026-06-22 22:00:00.000000,e9b133d2-594b-4a5a-a91a-b7098289090e,AT_RISK,COUNT,"{""version"":2,""scheduleType"":""DAILY"",""timezone"":""Asia/Calcutta"",""weekStartsOn"":""MONDAY"",""weekOfMonthModel"":""DAY_BUCKETS"",""requirements"":{""minCheckins"":1,""maxCheckins"":2},""rules"":[],""exclusions"":[]}",GREATER_THAN,0abd94f5-4d09-4acf-9bb1-65b3fb7368c1,80.0
True,,50.0,45,0,1.0,51.25,0,2,1.0,1,0,100.0,20,2026-06-23,2026-06-23,25.0,25.0,35,2026-06-23 05:00:00.000000,40084,2026-06-23 22:00:00.000000,e9b133d2-594b-4a5a-a91a-b7098289090e,AT_RISK,COUNT,"{""version"":2,""scheduleType"":""DAILY"",""timezone"":""Asia/Calcutta"",""weekStartsOn"":""MONDAY"",""weekOfMonthModel"":""DAY_BUCKETS"",""requirements"":{""minCheckins"":1,""maxCheckins"":2},""rules"":[],""exclusions"":[]}",GREATER_THAN,636e4288-0763-4e6b-99c0-cf545f1d7790,80.0
True,,0.0,45,0,0.0,0.0,0,2,1.0,1,0,0.0,20,2026-06-24,2026-06-24,0.0,0.0,35,2026-06-24 05:00:00.000000,40085,2026-06-24 22:00:00.000000,e9b133d2-594b-4a5a-a91a-b7098289090e,CRITICAL,COUNT,"{""version"":2,""scheduleType"":""DAILY"",""timezone"":""Asia/Calcutta"",""weekStartsOn"":""MONDAY"",""weekOfMonthModel"":""DAY_BUCKETS"",""requirements"":{""minCheckins"":1,""maxCheckins"":2},""rules"":[],""exclusions"":[]}",GREATER_THAN,5811493d-f609-4198-b49a-e64246b0a195,80.0
True,,50.0,45,0,1.0,51.25,0,2,1.0,1,0,100.0,20,2026-06-25,2026-06-25,25.0,25.0,35,2026-06-25 05:00:00.000000,40086,2026-06-25 22:00:00.000000,e9b133d2-594b-4a5a-a91a-b7098289090e,AT_RISK,COUNT,"{""version"":2,""scheduleType"":""DAILY"",""timezone"":""Asia/Calcutta"",""weekStartsOn"":""MONDAY"",""weekOfMonthModel"":""DAY_BUCKETS"",""requirements"":{""minCheckins"":1,""maxCheckins"":2},""rules"":[],""exclusions"":[]}",GREATER_THAN,a884ec28-d113-4366-899f-ac71eb0a14cb,80.0
True,,50.0,45,0,1.0,51.25,0,2,1.0,1,0,100.0,20,2026-06-26,2026-06-26,25.0,25.0,35,2026-06-26 05:00:00.000000,40087,2026-06-26 22:00:00.000000,e9b133d2-594b-4a5a-a91a-b7098289090e,AT_RISK,COUNT,"{""version"":2,""scheduleType"":""DAILY"",""timezone"":""Asia/Calcutta"",""weekStartsOn"":""MONDAY"",""weekOfMonthModel"":""DAY_BUCKETS"",""requirements"":{""minCheckins"":1,""maxCheckins"":2},""rules"":[],""exclusions"":[]}",GREATER_THAN,14e2bc15-d76e-47fc-ab80-39b07d30944c,80.0
True,,0.0,45,0,0.0,0.0,0,2,1.0,1,0,0.0,20,2026-06-27,2026-06-27,0.0,0.0,35,2026-06-27 05:00:00.000000,40088,2026-06-27 22:00:00.000000,e9b133d2-594b-4a5a-a91a-b7098289090e,CRITICAL,COUNT,"{""version"":2,""scheduleType"":""DAILY"",""timezone"":""Asia/Calcutta"",""weekStartsOn"":""MONDAY"",""weekOfMonthModel"":""DAY_BUCKETS"",""requirements"":{""minCheckins"":1,""maxCheckins"":2},""rules"":[],""exclusions"":[]}",GREATER_THAN,e32cc744-5d5e-4526-b897-ee65bfae1243,80.0
True,,0.0,45,0,0.0,0.0,0,2,1.0,1,0,0.0,20,2026-06-28,2026-06-28,0.0,0.0,35,2026-06-28 05:00:00.000000,40089,2026-06-28 22:00:00.000000,e9b133d2-594b-4a5a-a91a-b7098289090e,CRITICAL,COUNT,"{""version"":2,""scheduleType"":""DAILY"",""timezone"":""Asia/Calcutta"",""weekStartsOn"":""MONDAY"",""weekOfMonthModel"":""DAY_BUCKETS"",""requirements"":{""minCheckins"":1,""maxCheckins"":2},""rules"":[],""exclusions"":[]}",GREATER_THAN,2e8697b7-f9f4-48bc-bc0a-317b088aabc3,80.0
True,,50.0,45,0,1.0,51.25,0,2,1.0,1,0,100.0,20,2026-06-29,2026-06-29,25.0,25.0,35,2026-06-29 05:00:00.000000,40090,2026-06-29 22:00:00.000000,e9b133d2-594b-4a5a-a91a-b7098289090e,AT_RISK,COUNT,"{""version"":2,""scheduleType"":""DAILY"",""timezone"":""Asia/Calcutta"",""weekStartsOn"":""MONDAY"",""weekOfMonthModel"":""DAY_BUCKETS"",""requirements"":{""minCheckins"":1,""maxCheckins"":2},""rules"":[],""exclusions"":[]}",GREATER_THAN,25731cbb-85b0-43ac-97f9-2c1c92e60a26,80.0
True,,50.0,45,0,1.0,51.25,0,2,1.0,1,0,100.0,20,2026-06-30,2026-06-30,25.0,25.0,35,2026-06-30 05:00:00.000000,40091,2026-06-30 22:00:00.000000,e9b133d2-594b-4a5a-a91a-b7098289090e,AT_RISK,COUNT,"{""version"":2,""scheduleType"":""DAILY"",""timezone"":""Asia/Calcutta"",""weekStartsOn"":""MONDAY"",""weekOfMonthModel"":""DAY_BUCKETS"",""requirements"":{""minCheckins"":1,""maxCheckins"":2},""rules"":[],""exclusions"":[]}",GREATER_THAN,b7e25f69-b5e9-4aa9-ac60-8387bd8af738,80.0
